lease_id,unit_id,start_date,end_date,monthly_rent_usd
L00001,P001-U001,2025-03-07,,975
L00003,P001-U003,2025-08-17,,975
L00004,P001-U004,2025-07-03,2026-12-26,800
L00005,P001-U005,2025-03-16,,975
L00006,P001-U006,2025-01-02,,800
L00007,P001-U007,2025-03-11,,650
L00008,P001-U008,2025-09-03,,800
L00009,P001-U009,2025-10-11,,800
L00010,P001-U010,2025-10-25,2026-06-04,1500
L00011,P001-U011,2025-07-18,,1500
L00012,P001-U012,2025-05-12,2026-08-18,800
L00014,P001-U014,2025-11-09,,975
L00015,P001-U015,2025-11-05,,2200
L00017,P001-U017,2025-05-16,2026-09-03,1200
L00018,P001-U018,2025-06-10,2026-09-05,2200
L00019,P001-U019,2025-11-04,,1200
L00020,P001-U020,2025-12-14,2026-10-14,2200
L00021,P002-U001,2025-11-01,,1800
L00023,P002-U003,2025-04-14,,975
L00024,P002-U004,2025-04-03,,2200
L00025,P002-U005,2025-09-13,2026-08-19,650
L00026,P002-U006,2025-10-06,,2200
L00027,P002-U007,2025-08-19,,650
L00028,P002-U008,2025-10-06,,800
L00029,P002-U009,2025-02-02,,2200
L00030,P002-U010,2025-07-21,,1200
L00031,P002-U011,2025-02-05,,975
L00032,P002-U012,2025-10-01,2026-12-01,975
L00033,P002-U013,2025-01-22,,1200
L00035,P002-U015,2025-03-18,2026-07-21,800
L00036,P002-U016,2025-07-04,2026-06-13,1800
L00037,P002-U017,2025-01-14,,1500
L00038,P002-U018,2025-04-10,,1500
L00039,P002-U019,2025-09-14,,800
L00040,P002-U020,2025-09-20,2026-08-15,650
L00041,P003-U001,2025-04-06,2026-04-26,975
L00042,P003-U002,2025-08-12,2026-08-16,650
L00043,P003-U003,2025-07-17,2026-04-05,1200
L00044,P003-U004,2025-12-25,,650
L00045,P003-U005,2025-08-19,2026-05-22,1500
L00046,P003-U006,2025-03-20,,650
L00047,P003-U007,2025-06-13,,2200
L00048,P003-U008,2025-01-02,,2200
L00049,P003-U009,2025-05-18,,800
L00050,P003-U010,2025-12-04,,1200
L00052,P003-U012,2025-12-11,,650
L00053,P003-U013,2025-07-01,2026-07-23,975
L00054,P003-U014,2025-06-03,,1800
L00055,P003-U015,2025-10-12,,1500
L00056,P003-U016,2025-04-16,2026-04-24,1800
L00057,P003-U017,2025-03-02,,1500
L00058,P003-U018,2025-08-04,,1800
L00060,P003-U020,2025-03-10,,800
L00061,P004-U001,2025-04-20,,650
L00063,P004-U003,2025-11-11,,1500
L00064,P004-U004,2025-03-11,2026-04-20,1800
L00065,P004-U005,2025-10-07,,2200
L00066,P004-U006,2025-10-11,,800
L00067,P004-U007,2025-10-22,2026-05-16,975
L00069,P004-U009,2025-10-22,,975
L00071,P004-U011,2025-04-18,2026-05-13,1200
L00073,P004-U013,2025-07-08,,2200
L00074,P004-U014,2025-08-15,,1500
L00075,P004-U015,2025-07-07,2026-09-23,975
L00076,P004-U016,2025-08-05,,975
L00077,P004-U017,2025-12-25,,1800
L00078,P004-U018,2025-08-24,,650
L00079,P004-U019,2025-01-18,,650
L00080,P004-U020,2025-07-20,2026-09-20,2200
L00081,P005-U001,2025-03-02,2026-06-12,650
L00083,P005-U003,2025-03-13,,975
L00084,P005-U004,2025-07-21,2026-12-13,800
L00085,P005-U005,2025-07-08,2026-08-19,975
L00088,P005-U008,2025-06-22,,650
L00089,P005-U009,2025-08-16,,1800
L00090,P005-U010,2025-10-11,,975
L00091,P005-U011,2025-03-23,,1500
L00092,P005-U012,2025-01-03,,975
L00094,P005-U014,2025-08-02,,1200
L00095,P005-U015,2025-08-19,2026-07-23,1500
L00096,P005-U016,2025-08-08,,2200
L00097,P005-U017,2025-10-15,,1800
L00098,P005-U018,2025-09-02,,800
L00099,P005-U019,2025-10-07,,1200
L00100,P005-U020,2025-09-19,,1200
L00101,P006-U001,2025-10-22,2026-03-19,1800
L00102,P006-U002,2025-03-06,,1800
L00104,P006-U004,2025-08-02,,1200
L00105,P006-U005,2025-04-20,,1500
L00107,P006-U007,2025-04-09,,2200
L00108,P006-U008,2025-11-17,,1500
L00109,P006-U009,2025-03-22,,1500
L00110,P006-U010,2025-03-22,2026-05-26,1200
L00111,P006-U011,2025-09-14,,800
L00112,P006-U012,2025-03-06,,1800
L00113,P006-U013,2025-01-10,,2200
L00114,P006-U014,2025-01-13,,1500
L00115,P006-U015,2025-03-25,,1200
L00116,P006-U016,2025-02-23,,2200
L00117,P006-U017,2025-12-14,2026-05-26,1500
L00118,P006-U018,2025-11-06,,1500
L00119,P006-U019,2025-12-22,2026-09-02,800
L00120,P006-U020,2025-04-24,,1500
L00121,P007-U001,2025-10-06,,1200
L00122,P007-U002,2025-10-10,,1800
L00124,P007-U004,2025-02-16,2026-03-02,800
L00125,P007-U005,2025-02-18,,975
L00126,P007-U006,2025-07-11,,1500
L00127,P007-U007,2025-09-04,2026-06-27,1200
L00128,P007-U008,2025-12-02,,1800
L00129,P007-U009,2025-01-24,,1200
L00130,P007-U010,2025-01-20,,2200
L00133,P007-U013,2025-09-09,2026-03-18,800
L00135,P007-U015,2025-11-04,,975
L00137,P007-U017,2025-08-13,,800
L00138,P007-U018,2025-07-10,,1500
L00139,P007-U019,2025-09-13,,800
L00140,P007-U020,2025-05-09,,800
L00142,P008-U002,2025-01-17,2026-07-21,975
L00143,P008-U003,2025-11-22,2026-11-02,975
L00144,P008-U004,2025-01-20,2026-11-02,1800
L00145,P008-U005,2025-03-18,,1200
L00146,P008-U006,2025-03-09,,800
L00147,P008-U007,2025-09-21,,2200
L00148,P008-U008,2025-12-25,2026-06-06,975
L00149,P008-U009,2025-12-22,,650
L00150,P008-U010,2025-01-17,2026-12-23,1200
L00151,P008-U011,2025-09-22,,800
L00152,P008-U012,2025-08-01,,975
L00153,P008-U013,2025-10-16,,2200
L00155,P008-U015,2025-11-16,2026-04-04,1800
L00156,P008-U016,2025-01-24,2026-07-01,975
L00157,P008-U017,2025-06-12,2026-11-04,800
L00158,P008-U018,2025-02-14,,1500
L00159,P008-U019,2025-02-06,2026-08-05,1500
L00160,P008-U020,2025-09-24,,1800
L00161,P009-U001,2025-09-22,,650
L00162,P009-U002,2025-04-11,,800
L00163,P009-U003,2025-01-02,2026-10-28,975
L00164,P009-U004,2025-12-17,2026-11-25,1200
L00165,P009-U005,2025-12-20,,1500
L00166,P009-U006,2025-08-03,,800
L00167,P009-U007,2025-12-03,,650
L00171,P009-U011,2025-09-12,,2200
L00172,P009-U012,2025-07-01,2026-09-11,2200
L00173,P009-U013,2025-02-04,,1500
L00174,P009-U014,2025-06-06,,650
L00176,P009-U016,2025-02-07,2026-05-02,2200
L00178,P009-U018,2025-01-16,,650
L00179,P009-U019,2025-01-07,2026-09-27,2200
L00180,P009-U020,2025-04-18,,800
L00181,P010-U001,2025-10-05,,1200
L00182,P010-U002,2025-07-19,,2200
L00183,P010-U003,2025-11-14,,650
L00184,P010-U004,2025-05-23,,800
L00185,P010-U005,2025-03-25,,975
L00186,P010-U006,2025-02-21,2026-10-07,975
L00189,P010-U009,2025-06-24,,1200
L00190,P010-U010,2025-10-01,,1500
L00192,P010-U012,2025-08-14,2026-07-10,1500
L00194,P010-U014,2025-04-06,,1800
L00195,P010-U015,2025-05-16,,1200
L00196,P010-U016,2025-06-17,2026-06-14,1200
L00197,P010-U017,2025-12-24,,1200
L00199,P010-U019,2025-09-21,,2200
L00201,P011-U001,2025-03-02,,1500
L00202,P011-U002,2025-03-04,,800
L00203,P011-U003,2025-08-16,,1500
L00204,P011-U004,2025-03-24,,1800
L00205,P011-U005,2025-10-19,,1800
L00206,P011-U006,2025-01-12,2026-09-09,975
L00207,P011-U007,2025-07-19,2026-09-12,1200
L00208,P011-U008,2025-05-19,,800
L00210,P011-U010,2025-07-14,2026-11-02,800
L00211,P011-U011,2025-05-09,,1500
L00212,P011-U012,2025-02-19,,1500
L00213,P011-U013,2025-01-20,,650
L00214,P011-U014,2025-03-21,,650
L00215,P011-U015,2025-07-04,,800
L00216,P011-U016,2025-02-02,,2200
L00217,P011-U017,2025-12-08,,975
L00218,P011-U018,2025-03-05,,975
L00220,P011-U020,2025-11-03,,650
L00221,P012-U001,2025-05-02,,1500
L00222,P012-U002,2025-05-08,2026-07-14,1200
L00223,P012-U003,2025-06-19,2026-04-19,800
L00225,P012-U005,2025-03-19,,1200
L00226,P012-U006,2025-04-20,,1500
L00227,P012-U007,2025-11-20,,1800
L00229,P012-U009,2025-05-17,,2200
L00230,P012-U010,2025-10-07,2026-05-17,650
L00231,P012-U011,2025-10-17,2026-11-19,1200
L00233,P012-U013,2025-10-23,2026-07-20,1200
L00235,P012-U015,2025-03-03,,1500
L00236,P012-U016,2025-10-16,,2200
L00237,P012-U017,2025-08-05,,650
L00238,P012-U018,2025-10-03,,975
L00239,P012-U019,2025-08-17,2026-03-21,1500
