unit_id,property_id,floor_area_sqm,active
P001-U001,P001,75,1
P001-U002,P001,90,1
P001-U003,P001,75,1
P001-U004,P001,90,1
P001-U006,P001,90,1
P001-U007,P001,90,1
P001-U008,P001,150,1
P001-U009,P001,90,1
P001-U010,P001,120,1
P001-U011,P001,90,1
P001-U012,P001,150,1
P001-U013,P001,45,1
P001-U014,P001,150,1
P001-U015,P001,45,1
P001-U016,P001,90,1
P001-U017,P001,120,1
P001-U018,P001,120,1
P001-U019,P001,150,1
P001-U020,P001,60,1
P002-U001,P002,60,1
P002-U002,P002,45,1
P002-U003,P002,75,1
P002-U004,P002,45,1
P002-U005,P002,120,1
P002-U006,P002,60,1
P002-U007,P002,120,1
P002-U008,P002,45,1
P002-U009,P002,60,1
P002-U010,P002,60,1
P002-U011,P002,90,1
P002-U012,P002,45,1
P002-U013,P002,150,1
P002-U014,P002,75,1
P002-U015,P002,45,1
P002-U016,P002,45,1
P002-U017,P002,90,1
P002-U018,P002,150,1
P002-U019,P002,150,1
P002-U020,P002,120,1
P003-U001,P003,120,1
P003-U002,P003,120,1
P003-U003,P003,75,1
P003-U004,P003,90,1
P003-U005,P003,90,1
P003-U006,P003,150,1
P003-U007,P003,75,1
P003-U008,P003,90,1
P003-U009,P003,45,1
P003-U010,P003,150,1
P003-U011,P003,90,1
P003-U012,P003,120,1
P003-U013,P003,150,1
P003-U014,P003,75,1
P003-U015,P003,60,1
P003-U016,P003,150,1
P003-U017,P003,120,1
P003-U018,P003,60,1
P003-U019,P003,75,1
P003-U020,P003,90,1
P004-U001,P004,45,1
P004-U002,P004,60,1
P004-U003,P004,150,1
P004-U004,P004,45,1
P004-U005,P004,150,1
P004-U006,P004,150,1
P004-U007,P004,150,1
P004-U008,P004,45,1
P004-U009,P004,90,1
P004-U010,P004,90,1
P004-U011,P004,75,1
P004-U012,P004,150,1
P004-U013,P004,150,1
P004-U014,P004,45,1
P004-U015,P004,45,1
P004-U016,P004,120,1
P004-U017,P004,45,1
P004-U018,P004,150,1
P004-U019,P004,45,1
P004-U020,P004,120,1
P005-U001,P005,90,1
P005-U002,P005,150,1
P005-U003,P005,75,1
P005-U004,P005,150,1
P005-U005,P005,120,1
P005-U006,P005,75,1
P005-U007,P005,75,1
P005-U008,P005,75,1
P005-U009,P005,90,1
P005-U010,P005,120,1
P005-U011,P005,60,1
P005-U012,P005,60,1
P005-U013,P005,90,1
P005-U014,P005,45,1
P005-U015,P005,60,1
P005-U016,P005,120,1
P005-U017,P005,120,1
P005-U018,P005,90,1
P005-U019,P005,120,1
P005-U020,P005,75,1
P006-U001,P006,75,1
P006-U002,P006,45,1
P006-U003,P006,120,1
P006-U004,P006,150,1
P006-U005,P006,150,1
P006-U006,P006,90,1
P006-U007,P006,60,1
P006-U008,P006,45,1
P006-U009,P006,45,1
P006-U010,P006,75,1
P006-U011,P006,120,1
P006-U012,P006,75,1
P006-U013,P006,120,1
P006-U014,P006,45,1
P006-U015,P006,45,1
P006-U016,P006,150,1
P006-U017,P006,75,1
P006-U018,P006,120,1
P006-U019,P006,60,1
P006-U020,P006,90,1
P007-U001,P007,90,1
P007-U002,P007,75,1
P007-U003,P007,60,1
P007-U004,P007,90,1
P007-U005,P007,75,1
P007-U006,P007,45,1
P007-U007,P007,90,1
P007-U008,P007,60,1
P007-U009,P007,45,1
P007-U010,P007,150,1
P007-U011,P007,150,1
P007-U012,P007,45,1
P007-U013,P007,75,1
P007-U014,P007,150,1
P007-U015,P007,150,1
P007-U016,P007,90,1
P007-U017,P007,90,1
P007-U018,P007,45,1
P007-U019,P007,150,1
P007-U020,P007,60,1
P008-U001,P008,60,1
P008-U002,P008,150,1
P008-U003,P008,120,1
P008-U004,P008,60,1
P008-U005,P008,90,1
P008-U006,P008,90,1
P008-U007,P008,120,1
P008-U008,P008,150,1
P008-U009,P008,75,1
P008-U010,P008,90,1
P008-U011,P008,150,1
P008-U012,P008,90,1
P008-U013,P008,45,1
P008-U014,P008,60,1
P008-U015,P008,90,1
P008-U016,P008,120,1
P008-U017,P008,60,1
P008-U018,P008,45,1
P008-U019,P008,90,1
P008-U020,P008,45,1
P009-U001,P009,90,1
P009-U002,P009,45,1
P009-U003,P009,90,1
P009-U004,P009,120,1
P009-U005,P009,120,1
P009-U006,P009,150,1
P009-U007,P009,60,1
P009-U008,P009,60,1
P009-U009,P009,45,1
P009-U010,P009,60,1
P009-U011,P009,75,1
P009-U012,P009,45,1
P009-U013,P009,75,1
P009-U014,P009,90,1
P009-U015,P009,60,1
P009-U016,P009,150,1
P009-U017,P009,60,1
P009-U018,P009,150,1
P009-U019,P009,90,1
P009-U020,P009,60,1
P010-U001,P010,75,1
P010-U002,P010,45,1
P010-U003,P010,150,1
P010-U004,P010,150,1
P010-U005,P010,120,1
P010-U006,P010,75,1
P010-U007,P010,120,1
P010-U008,P010,120,1
P010-U009,P010,120,1
P010-U010,P010,90,1
P010-U011,P010,120,1
P010-U012,P010,90,1
P010-U013,P010,90,1
P010-U014,P010,45,1
P010-U015,P010,90,1
P010-U016,P010,120,1
P010-U017,P010,150,1
P010-U018,P010,45,1
P010-U019,P010,120,1
P010-U020,P010,45,1
P011-U001,P011,75,1
P011-U002,P011,60,1
P011-U003,P011,45,1
P011-U004,P011,75,1
P011-U005,P011,60,1
P011-U006,P011,120,1
P011-U007,P011,120,1
P011-U008,P011,120,1
P011-U009,P011,75,1
P011-U010,P011,75,1
P011-U011,P011,45,1
P011-U012,P011,90,1
P011-U013,P011,120,1
P011-U014,P011,45,1
P011-U015,P011,45,1
P011-U016,P011,120,1
P011-U017,P011,45,1
P011-U018,P011,90,1
P011-U019,P011,60,1
P011-U020,P011,90,1
P012-U001,P012,120,1
P012-U002,P012,45,1
P012-U003,P012,45,1
P012-U004,P012,120,1
P012-U005,P012,150,1
P012-U006,P012,150,1
P012-U007,P012,90,1
P012-U008,P012,90,1
P012-U009,P012,90,1
P012-U010,P012,60,1
P012-U011,P012,45,1
P012-U012,P012,150,1
P012-U013,P012,90,1
P012-U014,P012,90,1
P012-U015,P012,75,1
P012-U016,P012,75,1
P012-U017,P012,90,1
P012-U018,P012,60,1
P012-U019,P012,120,1
P012-U020,P012,75,1
