work_order_id,unit_id,opened_date,closed_date,priority,response_hours,cost_usd,status
WO000001,P009-U003,2026-01-24,,HIGH,,103.66,OPEN
WO000002,P002-U005,2026-04-09,2026-04-21,CRITICAL,47.4,989.1,RESOLVED
WO000003,P001-U020,2026-01-28,2026-01-28,MEDIUM,15.5,1154.72,RESOLVED
WO000004,P010-U011,2026-06-06,2026-06-09,CRITICAL,43.0,402.84,RESOLVED
WO000005,P004-U001,2026-06-20,2026-06-21,MEDIUM,33.3,316.66,RESOLVED
WO000006,P005-U009,2026-06-07,2026-06-09,MEDIUM,35.1,883.72,RESOLVED
WO000007,P002-U016,2026-06-19,2026-06-19,LOW,12.5,1027.63,RESOLVED
WO000008,P012-U003,2026-03-12,2026-03-25,CRITICAL,92.3,965.63,RESOLVED
WO000010,P009-U004,2026-01-20,2026-01-21,MEDIUM,42.5,68.23,RESOLVED
WO000011,P002-U008,2026-04-09,2026-04-09,MEDIUM,24.1,1243.24,RESOLVED
WO000012,P010-U001,2026-01-23,,CRITICAL,,1148.01,OPEN
WO000013,P008-U020,2026-01-03,2026-01-10,HIGH,18.4,487.56,RESOLVED
WO000014,P001-U009,2026-02-11,2026-02-15,CRITICAL,84.2,338.03,RESOLVED
WO000015,P011-U011,2026-06-07,2026-06-08,CRITICAL,84.1,695.32,RESOLVED
WO000016,P009-U014,2026-05-25,2026-05-30,MEDIUM,38.2,329.73,RESOLVED
WO000017,P003-U005,2026-03-25,,MEDIUM,,537.86,OPEN
WO000018,P005-U019,2026-02-23,2026-03-05,MEDIUM,72.8,520.89,RESOLVED
WO000019,P002-U004,2026-04-22,2026-05-04,MEDIUM,80.6,1239.29,RESOLVED
WO000020,P011-U012,2026-04-16,2026-04-25,LOW,11.6,341.18,RESOLVED
WO000021,P007-U020,2026-05-08,,HIGH,,539.57,OPEN
WO000022,P008-U011,2026-01-19,,MEDIUM,,195.06,OPEN
WO000023,P012-U011,2026-03-06,2026-03-09,LOW,77.6,280.72,RESOLVED
WO000024,P008-U003,2026-04-12,2026-04-18,MEDIUM,36.2,1194.26,RESOLVED
WO000025,P004-U018,2026-01-06,,CRITICAL,,722.65,OPEN
WO000026,P008-U007,2026-04-11,2026-04-24,MEDIUM,95.8,549.58,RESOLVED
WO000027,P012-U016,2026-01-16,,LOW,,1180.27,OPEN
WO000028,P005-U016,2026-05-14,,CRITICAL,,796.66,OPEN
WO000029,P008-U018,2026-02-28,,CRITICAL,,1104.67,OPEN
WO000030,P008-U003,2026-05-05,2026-05-09,CRITICAL,40.4,656.22,RESOLVED
WO000031,P002-U019,2026-03-21,2026-03-24,MEDIUM,4.5,243.96,RESOLVED
WO000032,P010-U014,2026-06-01,,HIGH,,292.54,OPEN
WO000033,P008-U002,2026-05-08,2026-05-13,HIGH,82.3,526.49,RESOLVED
WO000034,P004-U011,2026-05-24,2026-06-07,MEDIUM,48.3,160.68,RESOLVED
WO000036,P005-U001,2026-04-26,2026-05-03,HIGH,41.8,1187.93,RESOLVED
WO000037,P008-U008,2026-02-28,2026-02-28,LOW,19.8,633.34,RESOLVED
WO000038,P004-U010,2026-04-03,,MEDIUM,,476.75,OPEN
WO000039,P008-U013,2026-05-24,2026-06-07,HIGH,11.3,221.38,RESOLVED
WO000040,P009-U011,2026-03-27,2026-04-08,CRITICAL,80.2,1115.02,RESOLVED
WO000041,P007-U007,2026-05-20,,MEDIUM,,1234.7,OPEN
WO000042,P008-U012,2026-03-04,2026-03-05,HIGH,77.9,959.2,RESOLVED
WO000043,P001-U018,2026-03-06,2026-03-15,CRITICAL,86.1,185.72,RESOLVED
WO000044,P005-U001,2026-02-18,2026-03-01,LOW,35.3,184.17,RESOLVED
WO000045,P009-U010,2026-03-23,2026-03-31,LOW,42.9,1153.11,RESOLVED
WO000046,P011-U019,2026-02-01,2026-02-11,MEDIUM,60.7,759.75,RESOLVED
WO000047,P006-U008,2026-04-17,,LOW,,361.63,OPEN
WO000048,P008-U017,2026-04-17,2026-04-29,LOW,65.8,472.09,RESOLVED
WO000049,P001-U011,2026-02-25,,CRITICAL,,1104.33,OPEN
WO000050,P004-U020,2026-05-20,2026-06-01,HIGH,40.0,328.96,RESOLVED
WO000051,P010-U004,2026-03-15,2026-03-23,HIGH,74.9,382.76,RESOLVED
WO000052,P005-U006,2026-02-20,2026-03-06,LOW,91.8,1154.64,RESOLVED
WO000053,P012-U003,2026-06-07,,HIGH,,638.15,OPEN
WO000054,P005-U011,2026-05-16,2026-05-21,LOW,81.5,1092.0,RESOLVED
WO000055,P012-U005,2026-06-26,2026-06-28,HIGH,57.4,993.95,RESOLVED
WO000056,P001-U014,2026-04-25,2026-05-10,HIGH,25.3,176.58,RESOLVED
WO000057,P010-U015,2026-01-06,2026-01-08,CRITICAL,52.6,596.6,RESOLVED
WO000058,P003-U001,2026-06-28,2026-07-13,CRITICAL,14.8,935.21,RESOLVED
WO000059,P012-U015,2026-01-17,2026-02-01,HIGH,35.8,59.96,RESOLVED
WO000060,P009-U015,2026-04-12,2026-04-21,CRITICAL,15.8,710.45,RESOLVED
WO000061,P012-U001,2026-05-11,,LOW,,496.13,OPEN
WO000062,P010-U004,2026-03-04,2026-03-11,LOW,67.8,57.27,RESOLVED
WO000063,P011-U013,2026-04-03,2026-04-05,LOW,7.5,469.84,RESOLVED
WO000064,P003-U019,2026-06-05,2026-06-12,MEDIUM,8.1,-300.0,RESOLVED
WO000065,P003-U009,2026-05-17,,HIGH,,1026.41,OPEN
WO000066,P012-U011,2026-02-17,,MEDIUM,,1205.12,OPEN
WO000067,P001-U016,2026-01-07,2026-01-18,CRITICAL,91.5,598.74,RESOLVED
WO000068,P009-U002,2026-05-07,2026-05-17,MEDIUM,45.5,906.8,RESOLVED
WO000069,P009-U007,2026-02-07,,CRITICAL,,604.71,OPEN
WO000070,P007-U001,2026-04-01,2026-04-07,LOW,24.9,1035.81,RESOLVED
WO000072,P011-U017,2026-01-07,2026-01-07,LOW,48.5,449.6,RESOLVED
WO000073,P010-U011,2026-04-25,2026-05-03,CRITICAL,43.7,1067.57,RESOLVED
WO000074,P011-U001,2026-01-26,2026-02-04,MEDIUM,39.4,487.92,RESOLVED
WO000075,P001-U002,2026-04-24,2026-04-27,MEDIUM,86.4,1117.04,RESOLVED
WO000076,P006-U017,2026-03-18,,LOW,,400.15,OPEN
WO000077,P002-U013,2026-03-14,,MEDIUM,,170.82,OPEN
WO000078,P003-U007,2026-03-09,2026-03-15,MEDIUM,61.1,601.43,RESOLVED
WO000079,P008-U002,2026-01-04,2026-01-08,MEDIUM,75.1,1042.73,RESOLVED
WO000080,P001-U014,2026-05-18,,MEDIUM,,190.81,OPEN
WO000081,P002-U010,2026-02-01,2026-02-03,HIGH,66.4,1099.13,RESOLVED
WO000082,P004-U019,2026-01-05,2026-01-15,LOW,20.0,575.04,RESOLVED
WO000083,P004-U019,2026-02-17,2026-02-17,CRITICAL,55.9,235.31,RESOLVED
WO000084,P002-U020,2026-03-12,2026-03-12,MEDIUM,63.0,1005.09,RESOLVED
WO000085,P011-U002,2026-04-16,2026-04-16,CRITICAL,95.1,134.1,RESOLVED
WO000086,P010-U007,2026-04-20,,LOW,,699.56,OPEN
WO000087,P011-U010,2026-01-28,2026-02-04,MEDIUM,3.4,595.4,RESOLVED
WO000088,P009-U007,2026-04-15,,HIGH,,719.98,OPEN
WO000089,P002-U006,2026-03-04,2026-03-11,HIGH,37.0,670.36,RESOLVED
WO000090,P001-U003,2026-05-01,2026-05-09,HIGH,46.9,484.35,RESOLVED
WO000091,P002-U012,2026-01-20,,LOW,,847.1,OPEN
WO000092,P005-U013,2026-06-27,2026-07-05,CRITICAL,21.4,1181.68,RESOLVED
WO000093,P005-U006,2026-01-26,2026-02-04,HIGH,15.9,886.94,RESOLVED
WO000095,P007-U020,2026-03-21,2026-04-01,HIGH,13.4,719.23,RESOLVED
WO000096,P011-U014,2026-05-28,2026-06-09,LOW,95.4,381.1,RESOLVED
WO000097,P001-U007,2026-04-27,2026-04-28,LOW,41.7,1115.44,RESOLVED
WO000098,P002-U010,2026-01-23,,HIGH,,694.77,OPEN
WO000099,P011-U003,2026-01-23,2026-01-24,LOW,90.1,831.97,RESOLVED
WO000100,P006-U015,2026-03-16,2026-03-23,HIGH,40.4,1181.16,RESOLVED
WO000101,P010-U011,2026-01-26,2026-01-26,MEDIUM,90.1,900.99,RESOLVED
WO000102,P006-U009,2026-02-09,2026-02-15,CRITICAL,1.7,681.91,RESOLVED
WO000103,P012-U013,2026-05-22,2026-05-23,HIGH,95.6,1103.6,RESOLVED
WO000104,P006-U017,2026-06-09,2026-06-09,HIGH,49.4,807.97,RESOLVED
WO000105,P008-U001,2026-05-22,2026-05-30,CRITICAL,44.8,936.14,RESOLVED
WO000106,P010-U010,2026-02-20,2026-02-22,LOW,74.2,761.51,RESOLVED
WO000107,P010-U015,2026-03-04,2026-03-06,LOW,29.2,312.17,RESOLVED
WO000108,P002-U011,2026-02-25,,MEDIUM,,892.94,OPEN
WO000109,P011-U007,2026-05-28,,MEDIUM,,718.44,OPEN
WO000110,P005-U014,2026-01-06,2026-01-11,LOW,31.7,1040.17,RESOLVED
WO000111,P005-U008,2026-04-19,2026-05-04,LOW,89.7,380.64,RESOLVED
WO000112,P001-U015,2026-06-23,2026-06-26,LOW,91.9,847.05,RESOLVED
WO000113,P009-U003,2026-03-20,2026-03-27,LOW,35.5,784.01,RESOLVED
WO000114,P005-U007,2026-05-22,2026-05-30,CRITICAL,39.5,887.34,RESOLVED
WO000115,P007-U003,2026-02-12,2026-02-17,LOW,47.5,767.95,RESOLVED
WO000116,P004-U011,2026-04-02,2026-04-04,MEDIUM,82.2,551.98,RESOLVED
WO000117,P012-U017,2026-01-25,2026-02-02,CRITICAL,52.2,232.6,RESOLVED
WO000118,P007-U004,2026-03-14,2026-03-14,MEDIUM,39.4,744.08,RESOLVED
WO000119,P001-U017,2026-05-08,2026-05-13,CRITICAL,65.2,720.77,RESOLVED
WO000120,P010-U018,2026-06-16,2026-06-29,CRITICAL,18.3,531.34,RESOLVED
WO000121,P004-U008,2026-02-24,2026-03-05,LOW,50.1,1020.85,RESOLVED
WO000122,P010-U020,2026-02-02,2026-02-14,HIGH,15.3,1093.02,RESOLVED
WO000123,P004-U015,2026-02-09,2026-02-10,CRITICAL,75.1,1247.19,RESOLVED
WO000124,P008-U017,2026-05-25,2026-05-30,LOW,80.3,1149.51,RESOLVED
WO000125,P008-U020,2026-05-25,,HIGH,,1210.58,OPEN
WO000126,P001-U007,2026-05-12,,LOW,,1215.97,OPEN
WO000127,P002-U013,2026-02-16,2026-02-17,HIGH,90.7,179.26,RESOLVED
WO000128,P006-U017,2026-06-18,2026-06-25,CRITICAL,36.7,219.23,RESOLVED
WO000129,P009-U010,2026-05-12,2026-05-12,MEDIUM,25.1,1106.81,RESOLVED
WO000130,P008-U019,2026-02-08,2026-02-09,HIGH,10.5,593.58,RESOLVED
WO000131,P010-U018,2026-05-27,2026-05-28,LOW,76.8,710.25,RESOLVED
WO000132,P002-U019,2026-03-12,2026-03-15,MEDIUM,22.8,499.47,RESOLVED
WO000133,P003-U009,2026-02-21,2026-02-22,CRITICAL,77.7,328.06,RESOLVED
WO000134,P005-U002,2026-05-20,,LOW,,885.79,OPEN
WO000135,P005-U019,2026-04-02,2026-04-17,LOW,59.4,615.88,RESOLVED
WO000136,P002-U017,2026-06-16,,CRITICAL,,820.23,OPEN
WO000137,P001-U010,2026-06-03,2026-06-12,LOW,62.2,326.42,RESOLVED
WO000138,P007-U019,2026-02-04,2026-02-16,LOW,6.0,213.5,RESOLVED
WO000139,P007-U011,2026-02-09,2026-02-20,LOW,1.7,258.92,RESOLVED
WO000140,P003-U006,2026-06-12,2026-06-19,MEDIUM,95.6,479.36,RESOLVED
WO000141,P012-U004,2026-01-10,2026-01-24,CRITICAL,85.8,446.97,RESOLVED
WO000142,P002-U001,2026-03-04,2026-03-06,LOW,55.6,1115.92,RESOLVED
WO000143,P005-U002,2026-03-26,2026-04-05,HIGH,94.0,302.01,RESOLVED
WO000144,P007-U005,2026-06-16,2026-06-25,HIGH,31.7,916.14,RESOLVED
WO000145,P011-U004,2026-04-13,2026-04-24,MEDIUM,25.3,740.38,RESOLVED
WO000146,P002-U005,2026-03-24,2026-03-27,LOW,37.5,20.75,RESOLVED
WO000147,P003-U019,2026-02-09,2026-02-23,HIGH,55.2,538.39,RESOLVED
WO000148,P004-U005,2026-01-03,2026-01-12,MEDIUM,10.3,600.73,RESOLVED
WO000149,P001-U011,2026-03-24,2026-04-07,HIGH,2.5,1077.99,RESOLVED
WO000150,P005-U005,2026-03-02,,MEDIUM,,201.32,OPEN
WO000151,P009-U014,2026-03-04,2026-03-08,LOW,41.0,1012.49,RESOLVED
WO000152,P005-U019,2026-04-14,,LOW,,609.53,OPEN
WO000153,P002-U009,2026-04-10,2026-04-15,MEDIUM,6.6,524.06,RESOLVED
WO000154,P004-U009,2026-06-01,2026-06-01,HIGH,81.9,722.76,RESOLVED
WO000155,P001-U001,2026-05-23,2026-05-28,LOW,76.7,1176.33,RESOLVED
WO000156,P005-U017,2026-04-08,2026-04-21,HIGH,2.9,774.63,RESOLVED
WO000157,P002-U013,2026-05-21,,HIGH,,270.85,OPEN
WO000158,P003-U014,2026-05-24,2026-06-03,LOW,26.2,1191.45,RESOLVED
WO000159,P007-U017,2026-04-02,2026-04-15,MEDIUM,58.8,346.68,RESOLVED
WO000160,P010-U003,2026-01-18,2026-01-24,HIGH,1.0,1068.9,RESOLVED
WO000161,P006-U002,2026-02-10,2026-02-25,CRITICAL,69.9,32.18,RESOLVED
WO000162,P008-U020,2026-02-12,2026-02-24,CRITICAL,6.3,564.18,RESOLVED
WO000163,P008-U004,2026-02-02,2026-02-14,MEDIUM,70.9,972.87,RESOLVED
WO000164,P003-U008,2026-04-10,2026-04-25,CRITICAL,54.2,697.39,RESOLVED
WO000165,P005-U016,2026-03-20,2026-04-02,CRITICAL,90.9,411.25,RESOLVED
WO000166,P005-U017,2026-05-05,2026-05-18,MEDIUM,6.6,347.9,RESOLVED
WO000167,P009-U019,2026-05-28,2026-06-04,LOW,57.9,392.49,RESOLVED
WO000168,P012-U019,2026-03-25,2026-03-31,HIGH,46.4,524.95,RESOLVED
WO000169,P010-U013,2026-04-25,2026-05-07,CRITICAL,44.4,178.91,RESOLVED
WO000170,P004-U015,2026-06-18,2026-06-28,LOW,22.1,1154.86,RESOLVED
WO000171,P004-U001,2026-03-16,2026-03-29,HIGH,72.7,359.27,RESOLVED
WO000172,P004-U012,2026-04-10,2026-04-17,LOW,88.7,1011.78,RESOLVED
WO000173,P012-U015,2026-03-04,,LOW,,299.05,OPEN
WO000174,P004-U014,2026-01-27,2026-01-29,LOW,50.7,455.81,RESOLVED
WO000175,P010-U010,2026-06-07,,CRITICAL,,884.69,OPEN
WO000176,P003-U013,2026-06-28,2026-07-07,CRITICAL,90.1,666.68,RESOLVED
WO000177,P002-U009,2026-06-13,2026-06-24,MEDIUM,22.3,484.77,RESOLVED
WO000178,P006-U017,2026-04-09,,HIGH,,1018.85,OPEN
WO000179,P006-U002,2026-02-22,2026-02-27,MEDIUM,67.7,270.36,RESOLVED
WO000180,P004-U011,2026-03-21,,MEDIUM,,35.68,OPEN
WO000181,P011-U010,2026-05-25,2026-06-04,HIGH,16.6,27.91,RESOLVED
WO000182,P006-U020,2026-01-16,,CRITICAL,,1144.7,OPEN
WO000183,P004-U003,2026-03-19,2026-03-21,HIGH,35.9,428.36,RESOLVED
WO000184,P010-U013,2026-04-17,2026-04-20,CRITICAL,5.3,820.97,RESOLVED
WO000185,P011-U012,2026-01-11,2026-01-12,HIGH,72.6,954.06,RESOLVED
WO000186,P006-U006,2026-01-02,2026-01-13,LOW,73.8,341.35,RESOLVED
WO000187,P006-U007,2026-02-02,2026-02-07,LOW,18.0,913.24,RESOLVED
WO000188,P003-U010,2026-04-06,2026-04-17,HIGH,51.1,123.4,RESOLVED
WO000189,P012-U010,2026-01-04,2026-01-09,CRITICAL,80.9,1208.03,RESOLVED
WO000190,P004-U018,2026-03-21,,MEDIUM,,229.2,OPEN
WO000191,P001-U015,2026-03-16,,HIGH,,506.69,OPEN
WO000192,P006-U009,2026-06-02,2026-06-17,CRITICAL,76.1,806.93,RESOLVED
WO000193,P003-U001,2026-05-25,2026-05-25,LOW,37.7,453.08,RESOLVED
WO000194,P012-U005,2026-03-09,,HIGH,,265.23,OPEN
WO000195,P005-U005,2026-06-05,2026-06-13,LOW,29.7,81.72,RESOLVED
WO000196,P012-U010,2026-02-27,2026-03-07,CRITICAL,94.7,854.81,RESOLVED
WO000197,P004-U004,2026-02-26,2026-03-07,CRITICAL,82.9,1009.22,RESOLVED
WO000198,P008-U017,2026-05-17,2026-05-24,MEDIUM,78.0,1220.48,RESOLVED
WO000199,P006-U013,2026-03-13,2026-03-18,CRITICAL,19.5,67.56,RESOLVED
WO000200,P006-U020,2026-04-20,,CRITICAL,,263.39,OPEN
WO000201,P006-U013,2026-04-21,2026-05-05,HIGH,46.3,755.82,RESOLVED
WO000202,P003-U013,2026-05-04,2026-05-15,LOW,4.6,953.74,RESOLVED
WO000203,P005-U008,2026-01-15,,MEDIUM,,76.38,OPEN
WO000204,P002-U006,2026-02-15,,CRITICAL,,806.57,OPEN
WO000205,P009-U007,2026-06-03,2026-06-14,HIGH,65.6,577.19,RESOLVED
WO000206,P006-U011,2026-05-24,2026-05-25,CRITICAL,39.7,593.83,RESOLVED
WO000207,P008-U019,2026-04-13,,HIGH,,726.77,OPEN
WO000208,P012-U020,2026-03-28,2026-04-05,HIGH,25.0,320.53,RESOLVED
WO000209,P009-U009,2026-05-24,2026-05-24,LOW,75.9,329.12,RESOLVED
WO000210,P012-U017,2026-06-04,2026-06-17,CRITICAL,76.2,227.43,RESOLVED
WO000211,P004-U020,2026-01-22,2026-01-30,HIGH,55.5,827.1,RESOLVED
WO000212,P007-U010,2026-03-02,,LOW,,831.48,OPEN
WO000213,P004-U011,2026-01-23,2026-01-27,LOW,41.7,943.14,RESOLVED
WO000214,P010-U013,2026-04-12,,CRITICAL,,377.48,OPEN
WO000215,P008-U015,2026-06-26,,CRITICAL,,428.29,OPEN
WO000216,P012-U017,2026-04-25,2026-05-06,CRITICAL,58.3,764.06,RESOLVED
WO000217,P006-U010,2026-02-09,2026-02-19,HIGH,57.5,85.47,RESOLVED
WO000218,P006-U007,2026-02-15,2026-03-01,LOW,82.5,50.54,RESOLVED
WO000219,P006-U012,2026-02-28,2026-03-12,LOW,75.8,205.93,RESOLVED
WO000220,P007-U012,2026-04-12,2026-04-12,LOW,27.4,1226.41,RESOLVED
WO000221,P009-U005,2026-06-13,2026-06-28,CRITICAL,35.0,1128.8,RESOLVED
WO000222,P007-U004,2026-02-25,2026-03-11,LOW,79.3,313.97,RESOLVED
WO000223,P004-U010,2026-01-16,2026-01-27,MEDIUM,86.8,394.71,RESOLVED
WO000224,P008-U001,2026-04-18,,LOW,,530.54,OPEN
WO000225,P011-U020,2026-02-05,2026-02-15,LOW,91.6,750.22,RESOLVED
WO000226,P009-U011,2026-04-17,2026-04-26,MEDIUM,19.9,999.79,RESOLVED
WO000227,P009-U018,2026-03-22,,MEDIUM,,120.55,OPEN
WO000228,P009-U004,2026-06-26,2026-07-11,CRITICAL,24.2,761.84,RESOLVED
WO000229,P005-U017,2026-02-18,2026-02-27,MEDIUM,69.9,1097.26,RESOLVED
WO000230,P006-U017,2026-05-10,2026-05-15,HIGH,45.4,656.75,RESOLVED
WO000231,P008-U009,2026-02-25,2026-03-11,HIGH,7.3,1176.29,RESOLVED
WO000232,P012-U005,2026-05-02,2026-05-11,LOW,95.2,464.34,RESOLVED
WO000233,P006-U010,2026-01-15,2026-01-27,LOW,32.3,1238.82,RESOLVED
WO000234,P010-U006,2026-05-01,,MEDIUM,,802.04,OPEN
WO000235,P004-U003,2026-03-02,2026-03-17,LOW,87.2,555.22,RESOLVED
WO000236,P007-U003,2026-05-20,2026-05-27,LOW,50.1,1159.99,RESOLVED
WO000237,P007-U016,2026-01-07,,CRITICAL,,65.53,OPEN
WO000238,P012-U007,2026-05-17,,HIGH,,1132.17,OPEN
WO000239,P006-U014,2026-02-19,2026-03-06,MEDIUM,33.4,938.89,RESOLVED
WO000240,P010-U007,2026-01-27,2026-02-05,CRITICAL,6.5,888.48,RESOLVED
WO000241,P005-U007,2026-04-27,,CRITICAL,,444.36,OPEN
WO000242,P009-U014,2026-04-21,2026-04-30,MEDIUM,71.1,1176.27,RESOLVED
WO000243,P011-U003,2026-06-01,2026-06-14,MEDIUM,84.6,794.33,RESOLVED
WO000244,P012-U003,2026-01-14,2026-01-21,MEDIUM,82.6,336.7,RESOLVED
WO000245,P010-U005,2026-06-15,2026-06-16,LOW,90.0,1225.21,RESOLVED
WO000246,P006-U017,2026-06-20,2026-07-05,LOW,24.1,412.8,RESOLVED
WO000247,P010-U011,2026-04-05,,LOW,,1186.24,OPEN
WO000248,P009-U013,2026-03-23,2026-03-28,HIGH,56.6,1179.06,RESOLVED
WO000249,P006-U015,2026-03-04,,LOW,,1096.08,OPEN
WO000250,P004-U019,2026-04-05,2026-04-10,CRITICAL,91.6,659.5,RESOLVED
WO000251,P006-U020,2026-03-03,2026-03-05,LOW,37.4,556.41,RESOLVED
WO000252,P010-U010,2026-03-12,2026-03-23,LOW,23.1,222.13,RESOLVED
WO000253,P012-U009,2026-01-27,2026-02-11,LOW,72.5,797.65,RESOLVED
WO000254,P001-U013,2026-06-19,2026-06-29,HIGH,62.4,177.91,RESOLVED
WO000255,P003-U008,2026-06-01,2026-06-06,CRITICAL,89.5,435.45,RESOLVED
WO000256,P001-U016,2026-02-02,2026-02-14,CRITICAL,20.7,484.89,RESOLVED
WO000257,P006-U002,2026-06-12,2026-06-22,MEDIUM,29.4,957.34,RESOLVED
WO000258,P009-U020,2026-01-17,,CRITICAL,,1202.41,OPEN
WO000259,P005-U020,2026-06-04,,MEDIUM,,609.43,OPEN
WO000260,P012-U001,2026-01-02,,CRITICAL,,1058.76,OPEN
WO000261,P001-U006,2026-01-12,2026-01-25,CRITICAL,85.1,65.13,RESOLVED
WO000262,P008-U010,2026-03-04,,HIGH,,76.98,OPEN
WO000263,P010-U006,2026-04-26,2026-04-30,CRITICAL,84.1,1028.3,RESOLVED
WO000264,P004-U005,2026-02-28,,CRITICAL,,496.53,OPEN
WO000265,P007-U007,2026-05-05,2026-05-13,MEDIUM,23.5,471.29,RESOLVED
WO000266,P006-U002,2026-03-15,2026-03-25,CRITICAL,43.2,897.28,RESOLVED
WO000267,P006-U011,2026-04-09,2026-04-22,MEDIUM,42.1,598.6,RESOLVED
WO000268,P003-U014,2026-03-24,2026-04-03,MEDIUM,23.9,841.7,RESOLVED
WO000269,P004-U009,2026-04-20,2026-04-21,CRITICAL,9.1,990.04,RESOLVED
WO000270,P009-U011,2026-03-27,,MEDIUM,,321.41,OPEN
WO000271,P009-U014,2026-01-26,2026-02-04,MEDIUM,73.6,261.7,RESOLVED
WO000272,P007-U006,2026-03-04,2026-03-19,MEDIUM,58.6,289.52,RESOLVED
WO000273,P010-U019,2026-03-20,2026-03-24,CRITICAL,37.0,84.41,RESOLVED
WO000274,P008-U008,2026-05-23,2026-06-06,MEDIUM,11.8,687.51,RESOLVED
WO000275,P008-U014,2026-02-14,2026-02-26,HIGH,47.6,813.71,RESOLVED
WO000276,P010-U018,2026-02-21,2026-03-04,MEDIUM,50.9,76.25,RESOLVED
WO000277,P006-U011,2026-04-11,2026-04-26,MEDIUM,2.7,71.97,RESOLVED
WO000278,P012-U004,2026-05-07,2026-05-12,HIGH,26.0,985.52,RESOLVED
WO000280,P007-U018,2026-06-03,2026-06-09,HIGH,66.8,506.61,RESOLVED
WO000281,P012-U008,2026-02-06,2026-02-20,HIGH,41.7,239.45,RESOLVED
WO000282,P002-U005,2026-03-25,,MEDIUM,,1203.08,OPEN
WO000283,P001-U015,2026-02-09,2026-02-17,LOW,57.0,835.8,RESOLVED
WO000284,P005-U015,2026-03-08,2026-03-18,LOW,1.2,208.27,RESOLVED
WO000285,P010-U008,2026-04-16,2026-04-19,LOW,35.4,777.28,RESOLVED
WO000286,P004-U017,2026-06-27,,HIGH,,899.82,OPEN
WO000287,P006-U004,2026-04-15,2026-04-15,LOW,14.0,665.41,RESOLVED
WO000288,P006-U013,2026-02-08,2026-02-08,MEDIUM,36.3,375.21,RESOLVED
WO000289,P011-U017,2026-02-06,,MEDIUM,,669.33,OPEN
WO000290,P011-U016,2026-05-05,2026-05-11,MEDIUM,17.5,158.69,RESOLVED
WO000291,P009-U018,2026-01-08,,MEDIUM,,1214.95,OPEN
WO000292,P011-U003,2026-05-02,2026-05-17,LOW,76.6,767.84,RESOLVED
WO000293,P008-U004,2026-01-22,2026-02-04,HIGH,34.0,1124.83,RESOLVED
WO000294,P003-U001,2026-06-10,2026-06-22,MEDIUM,70.7,1018.3,RESOLVED
WO000295,P001-U006,2026-05-28,2026-06-04,LOW,20.3,57.75,RESOLVED
WO000296,P004-U014,2026-06-06,2026-06-18,MEDIUM,4.5,399.13,RESOLVED
WO000297,P008-U016,2026-05-20,2026-05-31,HIGH,2.9,515.79,RESOLVED
WO000298,P007-U007,2026-05-02,2026-05-15,HIGH,3.2,909.12,RESOLVED
WO000299,P010-U006,2026-03-13,,MEDIUM,,784.49,OPEN
WO000300,P012-U003,2026-03-22,2026-03-31,MEDIUM,49.8,1161.21,RESOLVED
WO000301,P010-U013,2026-05-05,2026-05-16,MEDIUM,74.8,518.59,RESOLVED
WO000302,P007-U003,2026-03-01,2026-03-15,MEDIUM,69.1,1170.77,RESOLVED
WO000303,P010-U001,2026-06-01,,LOW,,1159.83,OPEN
WO000304,P005-U017,2026-04-05,2026-04-08,CRITICAL,26.6,867.68,RESOLVED
WO000305,P008-U004,2026-04-16,,MEDIUM,,426.2,OPEN
WO000306,P007-U001,2026-03-09,2026-03-22,MEDIUM,67.2,193.99,RESOLVED
WO000307,P011-U020,2026-06-08,2026-06-08,HIGH,1.3,823.17,RESOLVED
WO000308,P005-U014,2026-03-01,2026-03-10,HIGH,16.6,460.68,RESOLVED
WO000309,P008-U017,2026-05-26,2026-06-01,LOW,15.4,915.3,RESOLVED
WO000310,P005-U020,2026-01-20,2026-01-26,MEDIUM,22.1,68.1,RESOLVED
WO000311,P004-U012,2026-01-02,2026-01-12,HIGH,32.9,364.29,RESOLVED
WO000312,P008-U007,2026-01-19,2026-01-26,HIGH,80.4,353.09,RESOLVED
WO000313,P010-U015,2026-01-05,2026-01-09,LOW,61.7,601.89,RESOLVED
WO000314,P008-U007,2026-02-28,2026-03-13,HIGH,64.5,1080.55,RESOLVED
WO000315,P006-U020,2026-05-07,2026-05-21,MEDIUM,95.4,173.1,RESOLVED
WO000316,P006-U019,2026-02-18,2026-02-26,CRITICAL,45.3,499.09,RESOLVED
WO000317,P011-U016,2026-05-16,,MEDIUM,,75.9,OPEN
WO000318,P012-U020,2026-02-11,2026-02-22,CRITICAL,94.8,1210.28,RESOLVED
WO000319,P003-U016,2026-04-16,2026-04-24,MEDIUM,20.2,193.39,RESOLVED
WO000320,P006-U016,2026-02-27,,LOW,,93.17,OPEN
WO000321,P010-U009,2026-04-04,,MEDIUM,,141.21,OPEN
WO000322,P004-U018,2026-01-06,2026-01-20,MEDIUM,58.7,66.06,RESOLVED
WO000323,P005-U014,2026-04-08,2026-04-23,HIGH,73.9,568.39,RESOLVED
WO000324,P002-U005,2026-01-05,2026-01-08,MEDIUM,72.6,387.33,RESOLVED
WO000325,P007-U003,2026-02-16,2026-02-24,CRITICAL,11.8,1041.43,RESOLVED
WO000326,P007-U013,2026-03-21,2026-03-23,LOW,68.9,664.03,RESOLVED
WO000327,P009-U013,2026-03-28,2026-03-30,CRITICAL,68.7,911.75,RESOLVED
WO000328,P006-U020,2026-02-16,2026-02-26,MEDIUM,41.3,1139.48,RESOLVED
WO000329,P008-U020,2026-01-15,2026-01-23,CRITICAL,44.8,588.45,RESOLVED
WO000330,P009-U019,2026-05-24,2026-05-26,LOW,75.8,1128.92,RESOLVED
WO000331,P003-U016,2026-06-09,2026-06-10,CRITICAL,45.5,868.45,RESOLVED
WO000332,P006-U019,2026-05-07,2026-05-10,MEDIUM,92.6,451.58,RESOLVED
WO000333,P011-U009,2026-05-19,,HIGH,,460.84,OPEN
WO000334,P010-U012,2026-06-12,,HIGH,,181.67,OPEN
WO000335,P010-U012,2026-01-21,,MEDIUM,,923.77,OPEN
WO000336,P007-U002,2026-04-09,,LOW,,81.59,OPEN
WO000337,P010-U006,2026-01-22,2026-02-04,MEDIUM,8.9,977.45,RESOLVED
WO000338,P004-U017,2026-02-26,2026-03-02,LOW,75.9,778.45,RESOLVED
WO000339,P010-U001,2026-01-21,2026-01-31,LOW,2.5,387.64,RESOLVED
WO000340,P003-U012,2026-02-21,2026-02-22,LOW,74.9,730.83,RESOLVED
WO000341,P009-U008,2026-05-16,2026-05-25,LOW,7.7,1151.53,RESOLVED
WO000342,P012-U011,2026-03-13,2026-03-16,CRITICAL,45.2,909.28,RESOLVED
WO000343,P012-U001,2026-01-12,,CRITICAL,,640.95,OPEN
WO000344,P001-U003,2026-02-07,2026-02-19,MEDIUM,30.7,153.2,RESOLVED
WO000345,P012-U019,2026-06-06,2026-06-14,MEDIUM,88.3,932.4,RESOLVED
WO000346,P010-U003,2026-05-11,2026-05-21,MEDIUM,90.5,657.88,RESOLVED
WO000347,P010-U015,2026-05-09,2026-05-20,HIGH,39.9,616.72,RESOLVED
WO000348,P003-U011,2026-04-28,2026-05-06,LOW,70.1,73.33,RESOLVED
WO000349,P004-U004,2026-06-18,,HIGH,,1078.65,OPEN
WO000350,P001-U012,2026-04-06,,MEDIUM,,491.95,OPEN
WO000351,P006-U002,2026-02-17,,HIGH,,1221.0,OPEN
WO000352,P002-U011,2026-03-22,2026-03-30,MEDIUM,37.7,344.9,RESOLVED
WO000353,P001-U007,2026-04-19,,LOW,,231.76,OPEN
WO000354,P008-U010,2026-02-22,2026-03-04,MEDIUM,25.9,1143.95,RESOLVED
WO000355,P010-U015,2026-06-20,2026-06-29,HIGH,79.7,1070.59,RESOLVED
WO000356,P005-U010,2026-05-26,2026-06-04,LOW,64.8,724.49,RESOLVED
WO000357,P008-U020,2026-02-24,2026-03-06,LOW,8.4,459.3,RESOLVED
WO000358,P011-U018,2026-03-16,2026-03-27,CRITICAL,74.7,610.13,RESOLVED
WO000359,P002-U009,2026-03-17,2026-03-29,LOW,25.7,1014.63,RESOLVED
WO000360,P008-U019,2026-01-05,2026-01-18,LOW,45.4,312.6,RESOLVED
WO000361,P004-U014,2026-01-11,2026-01-15,MEDIUM,30.4,1110.53,RESOLVED
WO000362,P012-U018,2026-03-11,2026-03-25,LOW,47.7,349.18,RESOLVED
WO000363,P003-U009,2026-04-12,2026-04-15,CRITICAL,23.5,862.83,RESOLVED
WO000364,P002-U016,2026-02-01,2026-02-14,HIGH,69.6,360.04,RESOLVED
WO000365,P006-U005,2026-05-06,,MEDIUM,,1230.83,OPEN
WO000366,P005-U002,2026-06-25,2026-07-03,CRITICAL,36.7,1123.93,RESOLVED
WO000367,P010-U001,2026-06-26,2026-06-28,CRITICAL,89.7,258.87,RESOLVED
WO000368,P002-U010,2026-01-25,,CRITICAL,,94.44,OPEN
WO000369,P001-U016,2026-01-14,2026-01-16,MEDIUM,68.3,559.97,RESOLVED
WO000370,P004-U001,2026-01-19,2026-02-01,MEDIUM,82.5,393.61,RESOLVED
WO000371,P009-U017,2026-04-24,2026-04-28,LOW,51.4,211.33,RESOLVED
WO000372,P004-U012,2026-04-13,2026-04-26,CRITICAL,16.6,197.47,RESOLVED
WO000373,P002-U019,2026-04-25,2026-05-07,MEDIUM,71.6,160.55,RESOLVED
WO000374,P004-U005,2026-06-04,2026-06-06,HIGH,81.6,436.92,RESOLVED
WO000375,P002-U004,2026-02-21,2026-03-01,CRITICAL,28.6,640.56,RESOLVED
WO000376,P003-U011,2026-02-14,2026-02-15,MEDIUM,76.3,502.31,RESOLVED
WO000377,P012-U016,2026-04-04,2026-04-06,HIGH,75.1,1008.57,RESOLVED
WO000378,P009-U001,2026-06-09,,MEDIUM,,169.68,OPEN
WO000379,P005-U009,2026-03-27,,MEDIUM,,656.62,OPEN
WO000380,P012-U006,2026-06-14,2026-06-21,CRITICAL,49.5,855.62,RESOLVED
WO000381,P010-U010,2026-04-09,2026-04-22,LOW,24.3,92.63,RESOLVED
WO000382,P001-U015,2026-03-04,2026-03-08,LOW,76.4,178.81,RESOLVED
WO000383,P003-U013,2026-03-06,2026-03-20,CRITICAL,66.5,264.79,RESOLVED
WO000384,P005-U002,2026-02-22,2026-02-24,LOW,60.4,1089.81,RESOLVED
WO000385,P005-U008,2026-01-12,2026-01-25,HIGH,54.5,24.35,RESOLVED
WO000386,P011-U017,2026-01-17,,CRITICAL,,720.42,OPEN
WO000387,P010-U002,2026-05-08,2026-05-16,MEDIUM,61.8,1070.28,RESOLVED
WO000388,P005-U008,2026-02-18,2026-03-04,CRITICAL,27.6,203.66,RESOLVED
WO000389,P005-U004,2026-06-22,2026-07-02,LOW,18.4,50.82,RESOLVED
WO000390,P002-U020,2026-04-21,2026-05-04,LOW,74.4,714.68,RESOLVED
WO000391,P002-U001,2026-03-09,2026-03-09,LOW,38.8,966.74,RESOLVED
WO000392,P010-U014,2026-04-23,2026-04-27,LOW,11.5,435.24,RESOLVED
WO000393,P009-U011,2026-03-27,,LOW,,845.39,OPEN
WO000394,P005-U019,2026-06-02,2026-06-08,LOW,12.6,1000.16,RESOLVED
WO000395,P012-U002,2026-06-16,2026-06-16,HIGH,82.9,287.4,RESOLVED
WO000396,P001-U017,2026-01-19,2026-02-01,CRITICAL,20.8,770.95,RESOLVED
WO000397,P005-U012,2026-06-08,2026-06-22,LOW,42.7,73.05,RESOLVED
WO000398,P012-U015,2026-01-16,2026-01-25,LOW,48.1,1241.95,RESOLVED
WO000399,P006-U005,2026-05-17,,MEDIUM,,1239.76,OPEN
WO000400,P006-U004,2026-01-08,2026-01-19,HIGH,38.2,507.29,RESOLVED
WO000401,P005-U018,2026-01-24,2026-02-01,CRITICAL,93.1,1192.74,RESOLVED
WO000402,P004-U020,2026-06-24,2026-06-29,MEDIUM,43.1,361.98,RESOLVED
WO000403,P010-U015,2026-03-07,2026-03-20,HIGH,17.5,234.34,RESOLVED
WO000404,P006-U018,2026-03-07,2026-03-21,MEDIUM,91.7,1199.53,RESOLVED
WO000405,P010-U002,2026-01-16,2026-01-17,LOW,72.6,296.99,RESOLVED
WO000406,P008-U004,2026-02-25,2026-03-03,CRITICAL,83.8,504.89,RESOLVED
WO000407,P007-U003,2026-02-06,,HIGH,,128.72,OPEN
WO000408,P002-U015,2026-02-03,2026-02-10,LOW,2.4,760.88,RESOLVED
WO000409,P007-U020,2026-02-09,2026-02-19,CRITICAL,49.9,1207.86,RESOLVED
WO000410,P002-U015,2026-01-02,2026-01-16,HIGH,50.0,1087.72,RESOLVED
WO000411,P002-U006,2026-04-22,2026-05-05,CRITICAL,62.6,717.54,RESOLVED
WO000412,P012-U008,2026-02-07,,HIGH,,633.31,OPEN
WO000413,P009-U015,2026-03-11,,HIGH,,1115.51,OPEN
WO000414,P004-U012,2026-04-02,2026-04-13,CRITICAL,56.1,1185.31,RESOLVED
WO000415,P001-U017,2026-01-19,2026-01-30,CRITICAL,35.2,906.82,RESOLVED
WO000416,P003-U018,2026-06-07,2026-06-07,MEDIUM,65.6,981.97,RESOLVED
WO000417,P009-U015,2026-04-14,2026-04-15,CRITICAL,92.2,1005.91,RESOLVED
WO000418,P010-U013,2026-03-10,,CRITICAL,,409.27,OPEN
WO000419,P006-U002,2026-02-25,2026-02-26,CRITICAL,35.7,1221.96,RESOLVED
WO000420,P008-U013,2026-01-05,2026-01-08,MEDIUM,91.2,120.31,RESOLVED
WO000421,P007-U019,2026-03-18,2026-03-31,MEDIUM,40.5,62.95,RESOLVED
WO000422,P011-U015,2026-03-09,2026-03-12,LOW,91.5,1024.64,RESOLVED
WO000423,P008-U003,2026-01-02,2026-01-07,CRITICAL,82.4,75.83,RESOLVED
WO000424,P006-U012,2026-04-09,2026-04-15,HIGH,46.5,986.06,RESOLVED
WO000425,P005-U016,2026-02-26,,HIGH,,1188.02,OPEN
WO000426,P001-U015,2026-06-17,,MEDIUM,,29.21,OPEN
WO000427,P003-U015,2026-01-15,2026-01-16,CRITICAL,88.6,127.91,RESOLVED
WO000428,P008-U002,2026-04-21,2026-04-27,LOW,57.3,594.58,RESOLVED
WO000429,P008-U005,2026-06-03,,MEDIUM,,930.14,OPEN
WO000430,P008-U007,2026-02-08,,LOW,,973.09,OPEN
WO000431,P004-U012,2026-01-18,,MEDIUM,,611.18,OPEN
WO000432,P006-U006,2026-02-07,2026-02-17,HIGH,39.0,137.1,RESOLVED
WO000433,P004-U020,2026-04-11,2026-04-17,MEDIUM,39.9,677.55,RESOLVED
WO000434,P011-U008,2026-01-11,2026-01-15,LOW,18.1,576.24,RESOLVED
WO000435,P007-U004,2026-06-18,2026-06-24,CRITICAL,63.2,257.78,RESOLVED
WO000436,P007-U006,2026-01-02,2026-01-07,MEDIUM,22.6,914.91,RESOLVED
WO000437,P007-U014,2026-04-09,2026-04-18,MEDIUM,49.4,762.68,RESOLVED
WO000438,P011-U016,2026-06-17,2026-06-18,MEDIUM,20.1,102.45,RESOLVED
WO000439,P002-U014,2026-05-24,2026-06-07,HIGH,23.1,163.41,RESOLVED
WO000440,P007-U008,2026-02-05,2026-02-10,HIGH,8.4,607.82,RESOLVED
WO000441,P007-U018,2026-01-03,2026-01-04,CRITICAL,9.2,75.16,RESOLVED
WO000442,P012-U009,2026-05-21,,HIGH,,870.19,OPEN
WO000443,P006-U007,2026-02-05,2026-02-15,LOW,54.2,300.1,RESOLVED
WO000444,P001-U002,2026-04-17,2026-04-30,LOW,54.5,1008.21,RESOLVED
WO000445,P004-U001,2026-04-24,2026-04-30,LOW,21.3,816.84,RESOLVED
WO000446,P003-U002,2026-06-28,2026-07-13,HIGH,60.2,378.09,RESOLVED
WO000447,P003-U002,2026-03-08,2026-03-23,CRITICAL,50.6,242.54,RESOLVED
WO000448,P001-U019,2026-04-14,2026-04-17,LOW,66.2,775.81,RESOLVED
WO000449,P007-U009,2026-05-14,2026-05-24,LOW,49.3,237.27,RESOLVED
WO000450,P011-U013,2026-06-10,,LOW,,367.55,OPEN
WO000451,P011-U020,2026-04-14,2026-04-15,CRITICAL,48.8,446.47,RESOLVED
WO000452,P005-U007,2026-02-06,,LOW,,286.15,OPEN
WO000453,P006-U011,2026-01-02,,LOW,,1178.0,OPEN
WO000454,P008-U011,2026-06-13,2026-06-21,LOW,61.4,137.42,RESOLVED
WO000455,P009-U003,2026-01-01,2026-01-05,HIGH,51.1,824.85,RESOLVED
WO000456,P010-U011,2026-05-01,2026-05-01,LOW,78.4,233.2,RESOLVED
WO000457,P002-U003,2026-04-20,,MEDIUM,,906.59,OPEN
WO000458,P007-U014,2026-03-14,,LOW,,75.38,OPEN
WO000459,P004-U012,2026-03-07,2026-03-22,CRITICAL,52.9,134.36,RESOLVED
WO000460,P004-U004,2026-04-02,2026-04-09,LOW,50.8,889.36,RESOLVED
WO000461,P004-U006,2026-06-17,2026-06-27,HIGH,10.9,544.76,RESOLVED
WO000462,P012-U008,2026-05-13,,HIGH,,689.01,OPEN
WO000463,P002-U016,2026-04-16,2026-04-16,HIGH,68.7,608.04,RESOLVED
WO000464,P006-U009,2026-04-13,2026-04-26,HIGH,52.4,888.52,RESOLVED
WO000465,P001-U009,2026-05-12,,MEDIUM,,404.64,OPEN
WO000466,P011-U005,2026-05-25,2026-06-05,MEDIUM,73.6,532.68,RESOLVED
WO000467,P007-U020,2026-05-10,2026-05-11,HIGH,64.0,244.32,RESOLVED
WO000468,P006-U006,2026-02-03,,MEDIUM,,820.86,OPEN
WO000469,P002-U007,2026-04-15,2026-04-29,LOW,51.2,307.2,RESOLVED
WO000471,P002-U012,2026-04-07,2026-04-10,HIGH,65.2,784.25,RESOLVED
WO000472,P009-U004,2026-04-03,2026-04-05,MEDIUM,23.8,395.21,RESOLVED
WO000473,P003-U009,2026-02-28,2026-03-01,HIGH,12.1,1109.86,RESOLVED
WO000474,P007-U006,2026-02-11,2026-02-19,HIGH,61.2,1235.81,RESOLVED
WO000475,P002-U006,2026-05-16,2026-05-24,HIGH,15.2,989.95,RESOLVED
WO000476,P011-U015,2026-02-09,2026-02-16,MEDIUM,54.3,948.56,RESOLVED
WO000477,P003-U014,2026-01-03,,LOW,,405.17,OPEN
WO000478,P006-U001,2026-03-26,2026-04-05,MEDIUM,92.0,392.03,RESOLVED
WO000479,P011-U020,2026-03-15,2026-03-19,CRITICAL,42.6,283.72,RESOLVED
WO000480,P007-U004,2026-01-19,2026-01-20,HIGH,61.9,951.29,RESOLVED
WO000481,P008-U016,2026-02-25,2026-03-02,CRITICAL,85.8,199.97,RESOLVED
WO000482,P002-U011,2026-05-09,2026-05-11,MEDIUM,72.2,1183.19,RESOLVED
WO000483,P011-U004,2026-02-23,2026-02-27,MEDIUM,81.8,610.87,RESOLVED
WO000484,P007-U017,2026-03-13,2026-03-17,LOW,13.8,678.91,RESOLVED
WO000485,P006-U005,2026-04-11,2026-04-21,CRITICAL,53.8,348.24,RESOLVED
WO000486,P002-U003,2026-01-18,2026-01-31,CRITICAL,84.1,544.43,RESOLVED
WO000487,P009-U018,2026-04-09,2026-04-18,MEDIUM,77.5,105.89,RESOLVED
WO000488,P004-U010,2026-02-21,2026-03-03,LOW,28.7,642.46,RESOLVED
WO000489,P002-U015,2026-05-22,2026-06-01,LOW,51.5,484.5,RESOLVED
WO000490,P010-U008,2026-02-26,2026-03-10,HIGH,61.3,722.19,RESOLVED
WO000491,P007-U010,2026-02-10,2026-02-12,CRITICAL,6.0,685.46,RESOLVED
WO000492,P012-U005,2026-03-08,2026-03-09,CRITICAL,6.0,330.02,RESOLVED
WO000493,P008-U002,2026-02-13,2026-02-24,CRITICAL,64.7,563.23,RESOLVED
WO000494,P006-U010,2026-05-08,2026-05-17,HIGH,30.7,671.57,RESOLVED
WO000495,P010-U007,2026-05-21,2026-06-04,HIGH,5.3,352.01,RESOLVED
WO000496,P009-U011,2026-05-05,2026-05-14,MEDIUM,63.3,850.27,RESOLVED
WO000497,P010-U009,2026-05-17,2026-05-26,LOW,49.4,570.02,RESOLVED
WO000498,P001-U003,2026-02-07,2026-02-20,CRITICAL,51.3,247.42,RESOLVED
WO000499,P005-U008,2026-02-28,,CRITICAL,,985.97,OPEN
WO000500,P001-U008,2026-01-26,2026-02-01,CRITICAL,73.2,494.58,RESOLVED
WO000501,P009-U001,2026-01-25,2026-01-30,HIGH,91.4,710.18,RESOLVED
WO000502,P002-U013,2026-02-27,2026-03-06,MEDIUM,57.3,650.05,RESOLVED
WO000503,P004-U010,2026-02-24,2026-02-28,MEDIUM,11.1,651.65,RESOLVED
WO000504,P007-U004,2026-05-07,2026-05-22,LOW,62.2,1147.13,RESOLVED
WO000505,P001-U018,2026-03-07,2026-03-17,LOW,56.3,1039.4,RESOLVED
WO000506,P002-U012,2026-04-22,2026-04-24,LOW,80.9,455.88,RESOLVED
WO000507,P004-U017,2026-04-02,,CRITICAL,,986.01,OPEN
WO000508,P012-U015,2026-03-05,2026-03-16,CRITICAL,59.7,763.77,RESOLVED
WO000509,P005-U007,2026-03-21,2026-03-22,CRITICAL,65.4,501.05,RESOLVED
WO000510,P010-U004,2026-06-26,2026-07-01,MEDIUM,73.6,611.07,RESOLVED
WO000511,P003-U013,2026-06-05,2026-06-07,CRITICAL,14.3,843.54,RESOLVED
WO000512,P008-U020,2026-01-23,2026-02-02,MEDIUM,18.5,234.16,RESOLVED
WO000513,P010-U001,2026-01-15,2026-01-29,HIGH,4.1,387.58,RESOLVED
WO000514,P011-U004,2026-05-26,2026-06-10,LOW,88.5,330.93,RESOLVED
WO000515,P011-U006,2026-03-12,2026-03-13,MEDIUM,72.4,649.33,RESOLVED
WO000517,P008-U007,2026-06-25,,CRITICAL,,618.19,OPEN
WO000518,P008-U011,2026-02-01,2026-02-02,LOW,19.0,818.21,RESOLVED
WO000519,P011-U019,2026-04-04,2026-04-18,MEDIUM,60.3,56.21,RESOLVED
WO000520,P009-U018,2026-05-11,2026-05-23,HIGH,59.9,572.51,RESOLVED
WO000521,P009-U004,2026-06-07,2026-06-18,CRITICAL,12.3,611.57,RESOLVED
WO000522,P012-U010,2026-05-25,2026-06-02,MEDIUM,33.2,552.97,RESOLVED
WO000523,P003-U017,2026-05-11,2026-05-22,MEDIUM,5.6,63.54,RESOLVED
WO000524,P005-U012,2026-06-15,2026-06-21,HIGH,15.1,292.08,RESOLVED
WO000525,P010-U015,2026-01-08,2026-01-13,MEDIUM,38.7,172.93,RESOLVED
WO000526,P002-U019,2026-02-04,2026-02-07,MEDIUM,43.7,124.84,RESOLVED
WO000527,P005-U017,2026-01-06,2026-01-20,CRITICAL,69.6,575.9,RESOLVED
WO000528,P006-U006,2026-03-05,2026-03-07,CRITICAL,23.8,223.28,RESOLVED
WO000529,P007-U008,2026-02-22,2026-02-26,MEDIUM,95.6,59.99,RESOLVED
WO000530,P001-U004,2026-04-11,2026-04-22,MEDIUM,8.9,412.93,RESOLVED
WO000531,P004-U012,2026-04-01,2026-04-09,LOW,60.3,546.85,RESOLVED
WO000532,P008-U018,2026-06-20,2026-06-24,HIGH,52.4,23.31,RESOLVED
WO000533,P012-U019,2026-04-03,2026-04-17,HIGH,43.1,961.07,RESOLVED
WO000534,P010-U001,2026-02-05,2026-02-07,MEDIUM,70.9,532.09,RESOLVED
WO000535,P007-U020,2026-06-21,2026-07-06,MEDIUM,44.9,1237.49,RESOLVED
WO000536,P007-U007,2026-05-16,2026-05-29,CRITICAL,91.3,326.47,RESOLVED
WO000537,P001-U011,2026-03-21,2026-04-01,HIGH,70.4,840.97,RESOLVED
WO000538,P010-U020,2026-05-19,2026-06-02,CRITICAL,44.7,692.62,RESOLVED
WO000539,P009-U020,2026-05-18,,MEDIUM,,899.52,OPEN
WO000540,P002-U017,2026-06-11,2026-06-22,CRITICAL,11.7,513.58,RESOLVED
WO000541,P009-U005,2026-03-07,2026-03-12,CRITICAL,45.7,673.94,RESOLVED
WO000542,P004-U018,2026-05-21,2026-05-27,CRITICAL,86.5,446.44,RESOLVED
WO000543,P009-U014,2026-04-01,2026-04-10,LOW,84.9,611.38,RESOLVED
WO000544,P006-U007,2026-02-15,,MEDIUM,,911.28,OPEN
WO000545,P008-U004,2026-05-09,,LOW,,898.4,OPEN
WO000546,P009-U013,2026-05-14,,HIGH,,498.82,OPEN
WO000547,P007-U013,2026-02-07,2026-02-22,CRITICAL,20.5,796.13,RESOLVED
WO000548,P011-U014,2026-01-11,,MEDIUM,,992.45,OPEN
WO000549,P002-U020,2026-02-12,,LOW,,279.72,OPEN
WO000550,P010-U011,2026-04-10,2026-04-22,CRITICAL,58.0,92.94,RESOLVED
WO000551,P011-U004,2026-06-16,2026-06-23,HIGH,7.3,583.26,RESOLVED
WO000552,P005-U013,2026-04-11,2026-04-13,HIGH,56.3,1011.61,RESOLVED
WO000553,P003-U007,2026-03-07,2026-03-14,MEDIUM,90.0,896.51,RESOLVED
WO000554,P006-U013,2026-04-25,2026-05-08,LOW,22.9,321.23,RESOLVED
WO000555,P008-U013,2026-04-26,2026-05-03,MEDIUM,66.9,857.65,RESOLVED
WO000556,P004-U007,2026-04-19,2026-04-29,LOW,20.0,393.11,RESOLVED
WO000557,P006-U004,2026-04-12,2026-04-17,MEDIUM,95.2,225.75,RESOLVED
WO000558,P008-U002,2026-03-12,2026-03-16,LOW,10.5,196.34,RESOLVED
WO000559,P009-U016,2026-01-02,2026-01-09,CRITICAL,35.4,671.98,RESOLVED
WO000560,P010-U008,2026-05-18,2026-05-18,MEDIUM,35.4,791.79,RESOLVED
WO000561,P005-U016,2026-06-03,,LOW,,1249.32,OPEN
WO000562,P012-U012,2026-01-16,,HIGH,,475.4,OPEN
WO000563,P001-U018,2026-05-03,,CRITICAL,,1136.57,OPEN
WO000564,P011-U007,2026-01-23,2026-01-28,HIGH,14.4,912.46,RESOLVED
WO000565,P008-U020,2026-02-05,2026-02-12,MEDIUM,70.9,454.3,RESOLVED
WO000566,P009-U019,2026-03-13,2026-03-14,MEDIUM,33.5,220.52,RESOLVED
WO000567,P009-U020,2026-05-09,2026-05-11,HIGH,24.9,240.71,RESOLVED
WO000568,P010-U002,2026-06-15,2026-06-17,HIGH,7.5,252.53,RESOLVED
WO000569,P007-U016,2026-04-19,,CRITICAL,,930.75,OPEN
WO000570,P009-U011,2026-03-11,2026-03-14,LOW,84.8,949.8,RESOLVED
WO000571,P003-U014,2026-05-01,2026-05-14,MEDIUM,31.9,561.21,RESOLVED
WO000572,P005-U007,2026-05-25,2026-06-02,MEDIUM,86.6,114.99,RESOLVED
WO000573,P005-U016,2026-02-25,2026-03-10,HIGH,15.8,865.35,RESOLVED
WO000574,P002-U009,2026-03-07,2026-03-07,HIGH,9.1,465.56,RESOLVED
WO000575,P003-U001,2026-01-27,2026-01-30,CRITICAL,81.9,59.01,RESOLVED
WO000576,P002-U017,2026-04-17,2026-04-26,LOW,69.6,387.1,RESOLVED
WO000577,P009-U004,2026-01-11,,MEDIUM,,233.97,OPEN
WO000578,P001-U014,2026-02-01,2026-02-09,HIGH,54.6,97.12,RESOLVED
WO000579,P006-U020,2026-02-01,2026-02-03,HIGH,43.4,584.67,RESOLVED
WO000580,P003-U015,2026-04-17,2026-04-28,LOW,56.6,915.38,RESOLVED
WO000581,P005-U003,2026-01-04,2026-01-08,LOW,61.7,434.98,RESOLVED
WO000582,P004-U009,2026-03-17,2026-03-30,CRITICAL,10.8,116.86,RESOLVED
WO000583,P009-U018,2026-04-14,2026-04-14,CRITICAL,92.7,583.66,RESOLVED
WO000584,P011-U001,2026-01-14,2026-01-18,CRITICAL,79.6,1179.34,RESOLVED
WO000585,P006-U014,2026-05-04,2026-05-18,MEDIUM,1.1,76.94,RESOLVED
WO000586,P008-U004,2026-01-19,2026-02-01,HIGH,61.2,107.31,RESOLVED
WO000587,P012-U013,2026-02-11,2026-02-18,CRITICAL,76.7,1094.56,RESOLVED
WO000588,P007-U016,2026-01-19,2026-01-24,LOW,77.7,234.6,RESOLVED
WO000589,P007-U011,2026-02-02,2026-02-16,MEDIUM,3.3,1159.68,RESOLVED
WO000590,P009-U020,2026-01-06,2026-01-16,MEDIUM,54.5,1175.34,RESOLVED
WO000591,P002-U004,2026-06-21,2026-06-21,MEDIUM,87.0,988.38,RESOLVED
WO000592,P010-U012,2026-05-09,2026-05-12,LOW,91.1,830.12,RESOLVED
WO000593,P003-U001,2026-05-04,2026-05-11,LOW,94.1,376.12,RESOLVED
WO000594,P011-U017,2026-02-25,2026-03-06,MEDIUM,82.4,744.53,RESOLVED
WO000595,P006-U017,2026-01-09,,LOW,,699.61,OPEN
WO000596,P007-U003,2026-02-02,2026-02-15,CRITICAL,28.1,657.56,RESOLVED
WO000597,P002-U016,2026-05-17,2026-05-24,MEDIUM,77.3,625.47,RESOLVED
WO000598,P010-U003,2026-06-19,2026-06-22,CRITICAL,10.2,1165.67,RESOLVED
WO000599,P001-U003,2026-05-21,2026-05-26,LOW,55.1,863.33,RESOLVED
WO000600,P003-U019,2026-06-03,2026-06-06,CRITICAL,55.1,1204.67,RESOLVED
WO000601,P011-U006,2026-05-04,2026-05-14,LOW,63.6,1217.07,RESOLVED
WO000602,P009-U001,2026-03-21,2026-03-25,MEDIUM,14.1,474.93,RESOLVED
WO000604,P002-U006,2026-04-14,2026-04-19,HIGH,74.2,478.07,RESOLVED
WO000605,P005-U007,2026-01-23,2026-01-25,CRITICAL,38.5,107.22,RESOLVED
WO000606,P004-U014,2026-03-18,2026-03-24,HIGH,33.3,693.04,RESOLVED
WO000607,P005-U004,2026-01-13,2026-01-21,CRITICAL,88.2,1201.55,RESOLVED
WO000608,P009-U004,2026-05-20,,HIGH,,945.64,OPEN
WO000609,P006-U006,2026-01-09,2026-01-22,MEDIUM,8.2,211.6,RESOLVED
WO000610,P003-U012,2026-03-27,2026-04-07,HIGH,37.0,263.6,RESOLVED
WO000611,P005-U006,2026-06-05,,MEDIUM,,1105.27,OPEN
WO000612,P008-U012,2026-06-17,2026-06-29,CRITICAL,64.6,156.06,RESOLVED
WO000613,P003-U013,2026-01-16,2026-01-30,MEDIUM,14.3,973.1,RESOLVED
WO000614,P010-U012,2026-06-07,,MEDIUM,,1039.81,OPEN
WO000615,P008-U010,2026-05-15,2026-05-20,LOW,81.4,72.04,RESOLVED
WO000616,P009-U005,2026-02-05,,CRITICAL,,163.19,OPEN
WO000617,P008-U015,2026-03-18,2026-03-25,LOW,86.8,769.85,RESOLVED
WO000618,P006-U005,2026-05-06,2026-05-16,HIGH,85.0,523.08,RESOLVED
WO000619,P008-U003,2026-01-15,2026-01-23,MEDIUM,56.2,845.9,RESOLVED
WO000620,P007-U006,2026-02-05,2026-02-12,MEDIUM,73.0,334.01,RESOLVED
WO000621,P011-U005,2026-03-10,2026-03-22,LOW,59.8,389.89,RESOLVED
WO000622,P009-U011,2026-03-22,2026-03-31,MEDIUM,80.5,576.53,RESOLVED
WO000623,P003-U003,2026-02-03,,LOW,,1100.77,OPEN
WO000624,P004-U013,2026-01-03,2026-01-05,LOW,64.9,804.11,RESOLVED
WO000625,P005-U005,2026-04-03,2026-04-12,CRITICAL,90.7,50.29,RESOLVED
WO000626,P006-U019,2026-03-21,,CRITICAL,,505.01,OPEN
WO000627,P009-U017,2026-02-28,2026-03-14,MEDIUM,87.7,655.21,RESOLVED
WO000628,P011-U002,2026-06-25,2026-07-02,HIGH,43.7,766.9,RESOLVED
WO000629,P001-U011,2026-05-07,2026-05-09,MEDIUM,72.2,765.77,RESOLVED
WO000630,P011-U019,2026-01-26,,CRITICAL,,1087.11,OPEN
WO000631,P007-U020,2026-06-22,2026-06-30,LOW,49.6,1201.69,RESOLVED
WO000632,P003-U003,2026-01-08,2026-01-20,HIGH,84.3,26.82,RESOLVED
WO000633,P009-U013,2026-02-25,2026-02-26,HIGH,80.9,1118.32,RESOLVED
WO000634,P012-U015,2026-06-06,2026-06-13,MEDIUM,34.1,907.39,RESOLVED
WO000635,P003-U020,2026-02-07,2026-02-08,CRITICAL,48.6,214.13,RESOLVED
WO000636,P011-U004,2026-06-10,2026-06-17,LOW,54.6,872.36,RESOLVED
WO000637,P001-U004,2026-05-19,2026-05-21,MEDIUM,14.8,219.11,RESOLVED
WO000638,P006-U018,2026-01-08,2026-01-11,LOW,65.0,731.12,RESOLVED
WO000639,P002-U009,2026-02-15,,MEDIUM,,810.33,OPEN
WO000640,P006-U003,2026-03-05,,LOW,,691.64,OPEN
WO000641,P001-U013,2026-04-10,2026-04-17,HIGH,67.2,369.27,RESOLVED
WO000642,P003-U017,2026-06-24,2026-07-01,CRITICAL,1.2,1064.58,RESOLVED
WO000643,P004-U006,2026-05-19,2026-05-28,CRITICAL,25.0,1222.14,RESOLVED
WO000644,P010-U003,2026-03-24,2026-03-28,MEDIUM,68.6,456.46,RESOLVED
WO000645,P006-U012,2026-03-23,,MEDIUM,,606.74,OPEN
WO000646,P006-U004,2026-05-26,,CRITICAL,,238.71,OPEN
WO000647,P005-U010,2026-01-16,2026-01-26,LOW,75.3,1194.57,RESOLVED
WO000648,P010-U009,2026-02-17,2026-02-26,LOW,29.9,619.49,RESOLVED
WO000649,P007-U011,2026-05-05,2026-05-18,MEDIUM,3.4,32.71,RESOLVED
WO000650,P003-U015,2026-03-14,2026-03-27,LOW,27.8,759.98,RESOLVED
WO000651,P011-U014,2026-03-13,2026-03-28,HIGH,39.9,370.28,RESOLVED
WO000652,P004-U009,2026-05-20,2026-05-30,CRITICAL,68.3,248.19,RESOLVED
WO000653,P003-U013,2026-06-23,,CRITICAL,,818.91,OPEN
WO000654,P006-U005,2026-05-13,2026-05-28,LOW,54.7,474.07,RESOLVED
WO000655,P007-U010,2026-06-15,2026-06-15,MEDIUM,70.2,580.79,RESOLVED
WO000656,P003-U007,2026-06-04,2026-06-14,LOW,17.0,108.82,RESOLVED
WO000657,P012-U012,2026-05-02,2026-05-05,MEDIUM,3.5,322.67,RESOLVED
WO000658,P007-U008,2026-01-02,2026-01-03,LOW,4.1,566.5,RESOLVED
WO000659,P011-U016,2026-04-14,2026-04-19,CRITICAL,8.7,745.05,RESOLVED
WO000660,P007-U016,2026-02-27,2026-03-04,LOW,95.2,57.55,RESOLVED
WO000661,P001-U020,2026-04-14,2026-04-28,HIGH,56.6,929.86,RESOLVED
WO000662,P003-U012,2026-02-27,2026-03-14,CRITICAL,84.2,167.71,RESOLVED
WO000663,P001-U020,2026-02-04,2026-02-13,HIGH,20.0,480.55,RESOLVED
WO000664,P003-U013,2026-02-12,2026-02-22,HIGH,40.0,587.9,RESOLVED
WO000665,P003-U007,2026-03-17,2026-03-29,HIGH,17.2,563.83,RESOLVED
WO000666,P010-U018,2026-03-13,2026-03-18,CRITICAL,25.8,1186.72,RESOLVED
WO000667,P009-U006,2026-02-10,2026-02-21,CRITICAL,69.5,218.16,RESOLVED
WO000668,P006-U008,2026-01-03,2026-01-09,MEDIUM,23.2,694.65,RESOLVED
WO000669,P001-U008,2026-05-07,2026-05-16,HIGH,19.9,342.3,RESOLVED
WO000670,P002-U008,2026-03-27,,HIGH,,667.18,OPEN
WO000671,P009-U007,2026-05-12,2026-05-27,MEDIUM,2.0,1056.05,RESOLVED
WO000672,P007-U005,2026-01-26,2026-01-29,HIGH,42.6,1225.28,RESOLVED
WO000673,P006-U006,2026-02-18,,CRITICAL,,1091.04,OPEN
WO000674,P011-U001,2026-03-21,2026-03-29,LOW,53.2,300.65,RESOLVED
WO000675,P011-U013,2026-02-03,2026-02-04,HIGH,75.8,749.53,RESOLVED
WO000676,P006-U014,2026-01-21,2026-01-28,CRITICAL,37.4,675.59,RESOLVED
WO000677,P002-U011,2026-06-21,2026-06-21,LOW,36.7,485.31,RESOLVED
WO000678,P009-U015,2026-06-25,2026-06-28,MEDIUM,61.6,759.44,RESOLVED
WO000679,P003-U010,2026-01-28,,MEDIUM,,1234.68,OPEN
WO000680,P007-U007,2026-04-17,2026-05-02,MEDIUM,95.1,616.99,RESOLVED
WO000681,P007-U007,2026-05-21,2026-05-23,LOW,81.4,762.39,RESOLVED
WO000682,P002-U016,2026-01-08,2026-01-22,LOW,64.8,130.9,RESOLVED
WO000683,P008-U008,2026-06-03,2026-06-14,HIGH,29.6,260.54,RESOLVED
WO000684,P009-U001,2026-05-27,2026-06-02,HIGH,21.0,668.08,RESOLVED
WO000685,P007-U014,2026-02-26,2026-03-07,LOW,47.3,652.8,RESOLVED
WO000686,P009-U017,2026-04-08,,MEDIUM,,757.95,OPEN
WO000687,P005-U013,2026-01-06,2026-01-17,HIGH,14.2,755.51,RESOLVED
WO000688,P005-U008,2026-03-03,2026-03-12,LOW,68.9,995.11,RESOLVED
WO000689,P012-U010,2026-02-05,,MEDIUM,,39.68,OPEN
WO000690,P011-U003,2026-02-17,2026-02-28,MEDIUM,87.2,127.43,RESOLVED
WO000691,P003-U008,2026-01-08,2026-01-15,MEDIUM,68.1,527.0,RESOLVED
WO000692,P010-U002,2026-05-22,2026-06-06,CRITICAL,66.7,304.29,RESOLVED
WO000693,P004-U020,2026-06-19,2026-07-01,MEDIUM,62.6,400.98,RESOLVED
WO000694,P012-U002,2026-02-07,2026-02-09,MEDIUM,17.0,306.11,RESOLVED
WO000695,P006-U016,2026-05-20,2026-05-22,HIGH,56.6,270.31,RESOLVED
WO000696,P009-U016,2026-01-25,2026-01-29,MEDIUM,9.7,952.22,RESOLVED
WO000697,P005-U002,2026-04-25,2026-05-01,LOW,8.2,533.22,RESOLVED
WO000698,P001-U007,2026-03-19,2026-03-25,LOW,22.8,560.08,RESOLVED
WO000699,P006-U011,2026-03-14,2026-03-22,HIGH,32.7,137.44,RESOLVED
WO000700,P005-U018,2026-01-07,2026-01-21,HIGH,19.0,303.39,RESOLVED
WO000701,P011-U015,2026-06-04,,LOW,,903.32,OPEN
WO000702,P002-U013,2026-05-18,2026-05-22,CRITICAL,46.8,369.28,RESOLVED
WO000703,P008-U001,2026-02-02,,LOW,,519.19,OPEN
WO000704,P004-U014,2026-04-20,2026-04-23,MEDIUM,69.9,621.66,RESOLVED
WO000705,P006-U015,2026-02-10,,LOW,,59.32,OPEN
WO000706,P007-U004,2026-02-24,2026-02-28,CRITICAL,17.3,337.39,RESOLVED
WO000707,P002-U001,2026-04-13,,CRITICAL,,709.9,OPEN
WO000708,P010-U002,2026-03-04,,LOW,,519.66,OPEN
WO000709,P009-U003,2026-03-03,2026-03-16,HIGH,77.1,1112.25,RESOLVED
WO000710,P001-U008,2026-02-14,2026-02-24,MEDIUM,73.5,68.91,RESOLVED
WO000711,P002-U015,2026-06-18,,HIGH,,499.47,OPEN
WO000712,P007-U007,2026-01-12,,CRITICAL,,798.25,OPEN
WO000713,P009-U004,2026-03-18,,LOW,,934.27,OPEN
WO000714,P004-U004,2026-05-16,2026-05-27,CRITICAL,74.7,452.88,RESOLVED
WO000715,P009-U011,2026-03-05,2026-03-12,LOW,79.8,344.17,RESOLVED
WO000716,P007-U011,2026-03-20,2026-03-28,LOW,8.4,311.64,RESOLVED
WO000717,P003-U011,2026-02-11,2026-02-22,CRITICAL,22.6,407.62,RESOLVED
WO000718,P001-U019,2026-06-11,,HIGH,,267.05,OPEN
WO000719,P006-U020,2026-01-09,2026-01-20,MEDIUM,89.2,694.6,RESOLVED
WO000720,P010-U013,2026-01-10,2026-01-10,MEDIUM,64.0,539.0,RESOLVED
WO000721,P008-U009,2026-03-18,2026-03-22,MEDIUM,80.2,246.96,RESOLVED
WO000722,P007-U003,2026-04-13,2026-04-23,HIGH,13.5,862.22,RESOLVED
WO000723,P012-U003,2026-01-26,2026-01-30,LOW,52.8,34.27,RESOLVED
WO000724,P005-U005,2026-04-16,2026-04-28,MEDIUM,14.7,658.12,RESOLVED
WO000725,P011-U016,2026-01-14,2026-01-23,HIGH,55.2,604.13,RESOLVED
WO000726,P012-U019,2026-03-21,2026-03-21,LOW,70.6,1078.45,RESOLVED
WO000727,P012-U019,2026-05-03,,LOW,,98.14,OPEN
WO000728,P005-U008,2026-04-03,2026-04-12,HIGH,25.1,890.11,RESOLVED
WO000729,P010-U016,2026-06-18,2026-06-25,MEDIUM,29.4,966.79,RESOLVED
WO000730,P005-U010,2026-04-14,2026-04-26,MEDIUM,67.1,1123.46,RESOLVED
WO000731,P006-U006,2026-02-14,2026-02-14,HIGH,50.3,1247.92,RESOLVED
WO000732,P003-U006,2026-04-03,2026-04-12,LOW,82.4,538.93,RESOLVED
WO000733,P002-U007,2026-01-01,2026-01-14,MEDIUM,53.7,674.95,RESOLVED
WO000734,P008-U011,2026-03-18,,HIGH,,569.52,OPEN
WO000735,P001-U014,2026-06-09,2026-06-18,HIGH,8.7,150.48,RESOLVED
WO000736,P006-U005,2026-05-06,2026-05-15,MEDIUM,46.7,610.36,RESOLVED
WO000737,P006-U013,2026-04-17,,HIGH,,1028.88,OPEN
WO000738,P011-U009,2026-01-15,2026-01-26,LOW,88.4,352.44,RESOLVED
WO000739,P002-U013,2026-06-04,2026-06-07,MEDIUM,32.2,397.08,RESOLVED
WO000740,P012-U019,2026-02-27,2026-03-03,CRITICAL,79.6,1159.87,RESOLVED
WO000741,P011-U007,2026-01-26,2026-01-26,HIGH,41.9,1175.81,RESOLVED
WO000742,P010-U020,2026-01-20,,MEDIUM,,284.51,OPEN
WO000743,P007-U014,2026-04-05,2026-04-19,LOW,75.1,360.56,RESOLVED
WO000744,P011-U010,2026-03-08,2026-03-13,CRITICAL,7.7,975.19,RESOLVED
WO000745,P008-U018,2026-06-12,,MEDIUM,,116.88,OPEN
WO000746,P009-U018,2026-05-17,2026-05-17,CRITICAL,18.0,130.07,RESOLVED
WO000747,P012-U019,2026-06-20,2026-06-20,HIGH,13.0,774.3,RESOLVED
WO000748,P011-U002,2026-01-03,,MEDIUM,,1123.67,OPEN
WO000749,P004-U001,2026-06-13,2026-06-24,MEDIUM,38.2,547.68,RESOLVED
WO000750,P010-U005,2026-02-24,2026-03-01,LOW,54.0,845.58,RESOLVED
WO000751,P008-U013,2026-06-18,2026-06-30,CRITICAL,58.9,415.29,RESOLVED
WO000752,P007-U004,2026-04-06,2026-04-19,LOW,71.2,417.8,RESOLVED
WO000753,P011-U019,2026-03-16,2026-03-17,MEDIUM,22.5,849.69,RESOLVED
WO000754,P010-U019,2026-01-22,2026-02-02,LOW,21.4,856.96,RESOLVED
WO000755,P005-U011,2026-05-24,2026-05-25,MEDIUM,25.8,142.91,RESOLVED
WO000756,P006-U001,2026-02-16,,CRITICAL,,109.28,OPEN
WO000757,P012-U001,2026-04-03,2026-04-17,CRITICAL,39.5,287.57,RESOLVED
WO000758,P001-U017,2026-02-17,2026-03-03,HIGH,92.5,854.94,RESOLVED
WO000759,P005-U020,2026-01-11,,HIGH,,647.61,OPEN
WO000760,P009-U009,2026-05-08,2026-05-23,LOW,20.5,854.71,RESOLVED
WO000761,P005-U016,2026-01-09,2026-01-24,HIGH,6.4,1045.61,RESOLVED
WO000762,P005-U016,2026-01-22,2026-01-23,CRITICAL,76.2,566.65,RESOLVED
WO000763,P007-U001,2026-03-18,2026-03-31,CRITICAL,46.3,180.49,RESOLVED
WO000764,P011-U019,2026-06-04,2026-06-04,LOW,93.8,795.46,RESOLVED
WO000765,P010-U003,2026-04-24,2026-05-09,LOW,19.6,951.69,RESOLVED
WO000766,P011-U004,2026-05-12,,MEDIUM,,1073.89,OPEN
WO000767,P005-U013,2026-04-06,,CRITICAL,,353.57,OPEN
WO000768,P011-U018,2026-05-25,2026-06-04,LOW,86.8,777.74,RESOLVED
WO000769,P009-U020,2026-04-27,2026-05-06,LOW,48.0,987.42,RESOLVED
WO000770,P011-U012,2026-03-07,2026-03-10,HIGH,18.5,254.41,RESOLVED
WO000771,P001-U004,2026-05-03,,MEDIUM,,483.04,OPEN
WO000772,P012-U007,2026-01-10,2026-01-18,MEDIUM,76.8,1058.5,RESOLVED
WO000773,P012-U018,2026-06-22,2026-06-24,MEDIUM,43.7,1020.21,RESOLVED
WO000774,P003-U014,2026-06-15,2026-06-18,CRITICAL,34.7,1244.82,RESOLVED
WO000775,P002-U014,2026-01-10,2026-01-19,LOW,34.1,1119.82,RESOLVED
WO000776,P010-U004,2026-05-07,2026-05-14,HIGH,6.5,1125.44,RESOLVED
WO000777,P006-U019,2026-05-02,,HIGH,,646.45,OPEN
WO000778,P010-U020,2026-06-18,,MEDIUM,,1202.46,OPEN
WO000779,P007-U012,2026-03-23,,MEDIUM,,542.48,OPEN
WO000780,P003-U003,2026-05-02,2026-05-12,CRITICAL,82.9,91.57,RESOLVED
WO000781,P012-U002,2026-02-10,2026-02-23,LOW,41.3,304.91,RESOLVED
WO000782,P010-U002,2026-01-13,2026-01-26,LOW,93.5,206.18,RESOLVED
WO000783,P006-U005,2026-04-12,2026-04-14,CRITICAL,23.5,359.99,RESOLVED
WO000784,P003-U001,2026-03-19,2026-03-29,CRITICAL,28.1,1160.46,RESOLVED
WO000785,P003-U012,2026-06-26,2026-07-01,CRITICAL,25.2,492.28,RESOLVED
WO000786,P002-U007,2026-06-17,,CRITICAL,,1117.65,OPEN
WO000787,P009-U008,2026-04-27,2026-05-12,MEDIUM,94.3,277.55,RESOLVED
WO000788,P003-U016,2026-03-14,2026-03-15,MEDIUM,80.4,1056.43,RESOLVED
WO000789,P004-U014,2026-05-19,2026-05-30,CRITICAL,89.6,808.03,RESOLVED
WO000790,P012-U015,2026-05-24,2026-06-08,MEDIUM,30.3,177.33,RESOLVED
WO000791,P009-U011,2026-05-13,2026-05-14,MEDIUM,82.2,842.9,RESOLVED
WO000792,P011-U013,2026-06-08,2026-06-11,HIGH,68.2,721.59,RESOLVED
WO000793,P006-U007,2026-01-15,2026-01-26,HIGH,48.7,508.82,RESOLVED
WO000794,P003-U012,2026-06-10,2026-06-21,LOW,46.1,321.56,RESOLVED
WO000795,P009-U016,2026-01-13,2026-01-15,CRITICAL,75.0,541.75,RESOLVED
WO000796,P012-U009,2026-02-08,2026-02-10,MEDIUM,84.1,386.53,RESOLVED
WO000797,P006-U017,2026-06-10,2026-06-20,CRITICAL,94.5,961.08,RESOLVED
WO000798,P002-U007,2026-03-22,2026-03-28,CRITICAL,69.2,455.56,RESOLVED
WO000799,P009-U019,2026-03-17,2026-03-20,MEDIUM,91.9,1207.46,RESOLVED
WO000800,P005-U003,2026-03-04,2026-03-07,HIGH,32.4,580.03,RESOLVED
WO000801,P012-U013,2026-06-27,2026-06-30,CRITICAL,59.1,486.5,RESOLVED
WO000802,P004-U015,2026-04-12,2026-04-18,CRITICAL,80.7,127.1,RESOLVED
WO000803,P003-U011,2026-04-27,2026-05-12,LOW,17.7,514.19,RESOLVED
WO000804,P003-U019,2026-02-05,2026-02-20,LOW,52.2,329.36,RESOLVED
WO000805,P002-U019,2026-02-03,,MEDIUM,,775.46,OPEN
WO000806,P007-U015,2026-04-21,2026-05-06,CRITICAL,79.7,479.39,RESOLVED
WO000807,P012-U019,2026-05-01,2026-05-14,CRITICAL,60.6,197.36,RESOLVED
WO000808,P004-U013,2026-06-03,2026-06-07,LOW,55.4,562.62,RESOLVED
WO000809,P005-U003,2026-02-14,2026-02-28,LOW,83.0,1136.39,RESOLVED
WO000810,P007-U009,2026-06-10,,HIGH,,80.16,OPEN
WO000811,P003-U017,2026-05-24,2026-06-03,LOW,15.7,845.46,RESOLVED
WO000812,P004-U017,2026-05-12,2026-05-14,MEDIUM,42.9,1156.77,RESOLVED
WO000813,P010-U014,2026-03-19,2026-03-26,CRITICAL,60.1,1083.46,RESOLVED
WO000814,P002-U019,2026-03-19,2026-03-31,CRITICAL,95.1,114.91,RESOLVED
WO000815,P009-U011,2026-06-04,,HIGH,,25.83,OPEN
WO000816,P010-U010,2026-02-05,2026-02-12,CRITICAL,17.5,161.61,RESOLVED
WO000817,P004-U017,2026-04-15,2026-04-23,MEDIUM,35.7,542.42,RESOLVED
WO000818,P007-U003,2026-02-09,2026-02-19,HIGH,19.6,1226.84,RESOLVED
WO000819,P003-U006,2026-01-03,2026-01-13,MEDIUM,29.5,542.94,RESOLVED
WO000820,P003-U007,2026-02-08,2026-02-15,MEDIUM,17.1,271.52,RESOLVED
WO000821,P004-U008,2026-03-11,2026-03-17,MEDIUM,56.5,812.2,RESOLVED
WO000822,P009-U004,2026-06-13,2026-06-20,LOW,74.2,1241.18,RESOLVED
WO000823,P011-U013,2026-02-12,2026-02-16,CRITICAL,12.7,1007.59,RESOLVED
WO000824,P001-U014,2026-02-12,2026-02-16,MEDIUM,4.0,447.1,RESOLVED
WO000825,P011-U011,2026-06-16,2026-06-16,HIGH,62.8,137.77,RESOLVED
WO000826,P003-U005,2026-01-27,2026-02-04,MEDIUM,68.6,88.62,RESOLVED
WO000827,P011-U002,2026-06-27,2026-07-09,CRITICAL,39.7,813.15,RESOLVED
WO000828,P011-U016,2026-01-12,2026-01-23,CRITICAL,11.0,767.31,RESOLVED
WO000829,P006-U019,2026-06-23,,CRITICAL,,732.75,OPEN
WO000830,P006-U003,2026-06-24,2026-06-28,MEDIUM,48.2,1220.01,RESOLVED
WO000831,P010-U005,2026-05-28,2026-06-02,HIGH,78.1,242.17,RESOLVED
WO000832,P007-U016,2026-01-05,2026-01-11,HIGH,29.6,80.14,RESOLVED
WO000833,P005-U009,2026-05-17,,CRITICAL,,509.98,OPEN
WO000834,P003-U020,2026-01-05,2026-01-12,MEDIUM,18.2,132.16,RESOLVED
WO000835,P001-U013,2026-05-12,,CRITICAL,,486.25,OPEN
WO000836,P002-U014,2026-02-12,2026-02-27,CRITICAL,55.0,116.77,RESOLVED
WO000837,P012-U007,2026-03-24,,HIGH,,386.13,OPEN
WO000838,P005-U004,2026-04-09,2026-04-11,CRITICAL,64.6,985.45,RESOLVED
WO000839,P006-U011,2026-04-12,2026-04-12,HIGH,33.6,689.19,RESOLVED
WO000840,P011-U009,2026-04-10,2026-04-20,CRITICAL,22.6,873.93,RESOLVED
WO000841,P010-U017,2026-04-14,2026-04-20,HIGH,82.8,810.4,RESOLVED
WO000842,P005-U015,2026-04-09,2026-04-15,CRITICAL,29.9,782.44,RESOLVED
WO000843,P002-U002,2026-03-06,2026-03-21,LOW,33.7,664.98,RESOLVED
WO000844,P005-U002,2026-05-11,2026-05-14,CRITICAL,78.8,1120.83,RESOLVED
WO000845,P007-U014,2026-06-14,2026-06-14,HIGH,72.5,729.81,RESOLVED
WO000846,P003-U017,2026-01-04,2026-01-18,MEDIUM,13.7,937.48,RESOLVED
WO000847,P001-U001,2026-06-06,,LOW,,675.35,OPEN
WO000848,P006-U009,2026-04-26,2026-04-30,CRITICAL,78.6,534.09,RESOLVED
WO000849,P010-U008,2026-01-14,2026-01-21,LOW,63.1,287.59,RESOLVED
WO000850,P010-U018,2026-06-02,2026-06-05,MEDIUM,4.1,1144.72,RESOLVED
WO000851,P002-U019,2026-06-13,2026-06-14,LOW,74.4,357.66,RESOLVED
WO000852,P006-U018,2026-06-27,2026-07-12,HIGH,6.2,634.14,RESOLVED
WO000853,P012-U016,2026-05-17,2026-06-01,LOW,5.5,311.34,RESOLVED
WO000854,P008-U015,2026-06-20,,MEDIUM,,338.6,OPEN
WO000855,P012-U019,2026-06-08,2026-06-13,CRITICAL,39.5,1201.69,RESOLVED
WO000856,P005-U003,2026-02-22,2026-02-27,CRITICAL,14.1,1155.65,RESOLVED
WO000857,P009-U001,2026-03-23,2026-04-07,CRITICAL,18.1,307.13,RESOLVED
WO000858,P005-U010,2026-03-27,2026-03-27,MEDIUM,78.7,798.11,RESOLVED
WO000859,P012-U016,2026-03-25,2026-04-05,HIGH,37.8,486.44,RESOLVED
WO000860,P011-U017,2026-04-23,2026-04-27,HIGH,14.9,276.32,RESOLVED
WO000861,P011-U009,2026-03-13,2026-03-27,MEDIUM,1.7,574.79,RESOLVED
WO000862,P005-U013,2026-06-20,2026-06-21,CRITICAL,9.4,697.93,RESOLVED
WO000863,P012-U003,2026-02-14,2026-02-23,LOW,84.6,253.02,RESOLVED
WO000864,P009-U005,2026-01-15,2026-01-19,HIGH,18.6,592.58,RESOLVED
WO000865,P008-U018,2026-04-25,2026-05-07,HIGH,32.3,1111.75,RESOLVED
WO000866,P009-U020,2026-03-14,2026-03-21,MEDIUM,24.2,452.24,RESOLVED
WO000867,P001-U012,2026-05-25,2026-05-29,LOW,68.0,149.21,RESOLVED
WO000868,P012-U012,2026-02-28,2026-03-11,CRITICAL,93.8,198.48,RESOLVED
WO000869,P001-U015,2026-01-13,2026-01-17,CRITICAL,86.9,813.61,RESOLVED
WO000870,P008-U020,2026-02-03,2026-02-04,LOW,10.5,552.81,RESOLVED
WO000871,P002-U013,2026-06-12,,CRITICAL,,445.38,OPEN
WO000872,P004-U004,2026-01-04,2026-01-06,CRITICAL,6.0,471.01,RESOLVED
WO000873,P012-U011,2026-01-16,2026-01-16,HIGH,72.2,957.95,RESOLVED
WO000874,P002-U004,2026-05-15,2026-05-27,MEDIUM,4.3,270.36,RESOLVED
WO000875,P004-U017,2026-01-11,2026-01-26,MEDIUM,23.4,476.89,RESOLVED
WO000876,P003-U006,2026-02-24,2026-02-28,HIGH,22.5,1200.73,RESOLVED
WO000877,P009-U008,2026-04-06,2026-04-16,HIGH,19.3,552.16,RESOLVED
WO000878,P009-U009,2026-06-17,2026-07-02,LOW,78.0,1168.37,RESOLVED
WO000879,P008-U007,2026-02-18,2026-02-26,HIGH,17.1,694.45,RESOLVED
WO000880,P012-U013,2026-05-05,2026-05-20,MEDIUM,62.7,845.27,RESOLVED
WO000881,P003-U010,2026-06-16,,MEDIUM,,524.89,OPEN
WO000882,P008-U015,2026-04-08,2026-04-21,HIGH,57.7,762.43,RESOLVED
WO000883,P007-U019,2026-04-17,2026-04-19,HIGH,35.4,446.57,RESOLVED
WO000884,P004-U018,2026-06-05,2026-06-11,HIGH,61.1,490.19,RESOLVED
WO000885,P005-U012,2026-04-22,2026-05-01,MEDIUM,4.2,227.56,RESOLVED
WO000886,P002-U008,2026-06-24,2026-06-24,MEDIUM,73.6,30.0,RESOLVED
WO000887,P010-U016,2026-01-10,,CRITICAL,,949.76,OPEN
WO000888,P003-U002,2026-05-05,2026-05-18,HIGH,12.1,457.64,RESOLVED
WO000889,P001-U016,2026-01-06,2026-01-18,MEDIUM,28.5,314.2,RESOLVED
WO000890,P007-U020,2026-02-03,2026-02-10,LOW,69.9,433.95,RESOLVED
WO000891,P005-U001,2026-01-23,2026-01-26,MEDIUM,61.3,1223.83,RESOLVED
WO000892,P011-U002,2026-02-27,2026-03-08,CRITICAL,12.1,704.01,RESOLVED
WO000893,P007-U009,2026-01-15,2026-01-15,HIGH,86.4,787.68,RESOLVED
WO000894,P001-U001,2026-03-15,2026-03-25,MEDIUM,53.6,684.05,RESOLVED
WO000895,P011-U018,2026-03-25,2026-04-02,LOW,42.3,1172.71,RESOLVED
WO000896,P003-U011,2026-01-19,2026-01-26,MEDIUM,34.1,988.09,RESOLVED
WO000897,P005-U019,2026-03-21,2026-03-26,LOW,53.2,1098.22,RESOLVED
WO000898,P012-U012,2026-06-22,2026-06-27,LOW,37.6,818.19,RESOLVED
WO000899,P005-U014,2026-03-24,2026-04-03,CRITICAL,94.5,768.75,RESOLVED
WO000900,P004-U013,2026-01-09,2026-01-16,MEDIUM,6.1,320.66,RESOLVED
WO000901,P010-U011,2026-04-12,2026-04-12,LOW,82.9,579.79,RESOLVED
WO000902,P001-U008,2026-02-11,2026-02-26,HIGH,40.2,908.36,RESOLVED
WO000903,P011-U015,2026-05-10,2026-05-17,CRITICAL,33.4,750.55,RESOLVED
WO000904,P007-U003,2026-05-15,2026-05-21,CRITICAL,90.9,901.71,RESOLVED
WO000905,P009-U014,2026-03-24,2026-03-27,HIGH,23.1,1090.56,RESOLVED
WO000906,P009-U009,2026-01-01,2026-01-06,HIGH,21.0,237.81,RESOLVED
WO000907,P008-U014,2026-02-12,,HIGH,,309.29,OPEN
WO000908,P010-U008,2026-02-06,2026-02-16,MEDIUM,82.9,651.81,RESOLVED
WO000909,P007-U017,2026-06-27,2026-07-11,CRITICAL,84.4,963.29,RESOLVED
WO000910,P008-U004,2026-03-04,2026-03-19,MEDIUM,72.8,1231.29,RESOLVED
WO000911,P009-U017,2026-05-05,,HIGH,,26.24,OPEN
WO000912,P010-U001,2026-03-24,2026-04-05,MEDIUM,41.0,53.73,RESOLVED
WO000913,P006-U009,2026-01-03,2026-01-16,LOW,19.7,875.81,RESOLVED
WO000914,P003-U020,2026-06-13,2026-06-23,LOW,26.3,755.52,RESOLVED
WO000915,P008-U006,2026-03-18,,LOW,,560.72,OPEN
WO000916,P006-U014,2026-01-03,,LOW,,434.44,OPEN
WO000917,P003-U006,2026-03-15,2026-03-29,MEDIUM,67.4,1035.57,RESOLVED
WO000918,P002-U012,2026-05-28,2026-05-30,MEDIUM,17.1,1110.52,RESOLVED
WO000919,P006-U009,2026-06-17,2026-06-27,CRITICAL,56.6,738.97,RESOLVED
WO000920,P012-U008,2026-01-19,2026-01-27,CRITICAL,2.4,1108.84,RESOLVED
WO000921,P002-U009,2026-02-16,2026-02-16,MEDIUM,71.6,400.42,RESOLVED
WO000922,P002-U002,2026-01-23,2026-02-06,MEDIUM,84.0,254.96,RESOLVED
WO000923,P002-U020,2026-04-18,2026-04-27,LOW,1.5,957.2,RESOLVED
WO000924,P007-U016,2026-04-04,2026-04-17,MEDIUM,30.9,581.05,RESOLVED
WO000925,P004-U016,2026-04-27,2026-05-05,HIGH,72.9,308.64,RESOLVED
WO000926,P003-U006,2026-06-12,2026-06-13,CRITICAL,85.2,1005.08,RESOLVED
WO000927,P007-U017,2026-04-10,2026-04-23,CRITICAL,24.1,588.39,RESOLVED
WO000928,P001-U014,2026-06-07,,HIGH,,917.84,OPEN
WO000929,P009-U019,2026-05-19,,LOW,,30.42,OPEN
WO000930,P012-U005,2026-02-01,2026-02-14,LOW,64.3,309.11,RESOLVED
WO000931,P006-U002,2026-01-02,2026-01-04,LOW,20.7,670.2,RESOLVED
WO000932,P007-U019,2026-06-23,2026-07-08,CRITICAL,9.6,1214.7,RESOLVED
WO000933,P009-U017,2026-03-12,2026-03-17,HIGH,87.1,515.66,RESOLVED
WO000934,P010-U013,2026-01-05,2026-01-20,CRITICAL,15.5,275.05,RESOLVED
WO000935,P008-U016,2026-06-05,,MEDIUM,,737.61,OPEN
WO000936,P004-U013,2026-04-21,2026-05-01,HIGH,77.9,551.34,RESOLVED
WO000937,P011-U001,2026-01-09,,HIGH,,644.32,OPEN
WO000938,P006-U016,2026-05-02,2026-05-10,HIGH,83.9,968.33,RESOLVED
WO000939,P010-U019,2026-05-06,,MEDIUM,,163.66,OPEN
WO000940,P011-U003,2026-05-11,2026-05-12,HIGH,44.7,846.68,RESOLVED
WO000941,P010-U002,2026-03-08,,LOW,,264.98,OPEN
WO000942,P004-U011,2026-04-05,,LOW,,397.52,OPEN
WO000943,P005-U015,2026-01-08,,CRITICAL,,133.43,OPEN
WO000944,P002-U012,2026-01-21,2026-02-04,LOW,23.4,29.94,RESOLVED
WO000945,P006-U011,2026-02-24,2026-02-27,LOW,69.5,727.36,RESOLVED
WO000946,P005-U007,2026-06-22,2026-06-24,HIGH,8.6,156.38,RESOLVED
WO000947,P002-U004,2026-02-09,2026-02-15,CRITICAL,24.9,740.42,RESOLVED
WO000948,P003-U001,2026-04-11,,LOW,,892.45,OPEN
WO000949,P004-U001,2026-06-02,2026-06-11,HIGH,78.4,994.64,RESOLVED
WO000950,P004-U014,2026-04-21,2026-04-28,MEDIUM,2.3,666.55,RESOLVED
WO000951,P009-U010,2026-04-18,2026-04-23,HIGH,69.3,718.69,RESOLVED
WO000952,P001-U009,2026-02-10,2026-02-19,CRITICAL,63.0,413.91,RESOLVED
WO000953,P003-U003,2026-02-25,,HIGH,,1042.05,OPEN
WO000954,P004-U020,2026-03-01,,LOW,,215.99,OPEN
WO000955,P008-U011,2026-02-20,2026-02-27,HIGH,45.6,945.98,RESOLVED
WO000956,P005-U006,2026-03-24,2026-03-28,LOW,47.7,1045.89,RESOLVED
WO000957,P002-U017,2026-06-14,2026-06-21,MEDIUM,64.1,554.69,RESOLVED
WO000958,P012-U009,2026-04-06,2026-04-06,LOW,27.4,396.87,RESOLVED
WO000959,P010-U009,2026-02-20,2026-02-27,MEDIUM,90.5,1015.83,RESOLVED
WO000960,P003-U006,2026-04-27,2026-05-11,CRITICAL,17.8,397.18,RESOLVED
WO000961,P001-U004,2026-01-28,2026-02-05,MEDIUM,46.9,606.43,RESOLVED
WO000962,P003-U008,2026-02-18,2026-03-02,CRITICAL,29.6,301.94,RESOLVED
WO000963,P005-U008,2026-03-08,2026-03-17,HIGH,65.9,822.41,RESOLVED
WO000964,P005-U014,2026-02-19,2026-02-24,LOW,10.6,325.05,RESOLVED
WO000965,P006-U009,2026-01-08,2026-01-20,HIGH,68.9,296.4,RESOLVED
WO000966,P003-U019,2026-04-19,2026-04-22,MEDIUM,53.2,594.96,RESOLVED
WO000967,P002-U009,2026-04-15,2026-04-19,CRITICAL,41.4,759.14,RESOLVED
WO000968,P002-U009,2026-04-24,2026-04-28,CRITICAL,84.8,1067.76,RESOLVED
WO000969,P006-U001,2026-02-24,2026-03-03,HIGH,92.7,1194.0,RESOLVED
WO000970,P006-U005,2026-01-22,2026-02-02,HIGH,65.8,758.55,RESOLVED
WO000971,P009-U020,2026-03-02,2026-03-05,LOW,65.8,1198.29,RESOLVED
WO000972,P011-U006,2026-05-27,2026-06-11,HIGH,61.0,726.63,RESOLVED
WO000973,P009-U013,2026-06-02,2026-06-15,MEDIUM,93.1,631.14,RESOLVED
WO000974,P006-U006,2026-04-13,2026-04-26,CRITICAL,70.1,823.48,RESOLVED
WO000975,P003-U017,2026-03-02,2026-03-09,HIGH,71.1,633.73,RESOLVED
WO000976,P008-U020,2026-01-20,,CRITICAL,,733.78,OPEN
WO000977,P010-U015,2026-01-23,2026-02-04,HIGH,77.5,1118.75,RESOLVED
WO000978,P010-U008,2026-04-14,2026-04-21,LOW,65.3,861.54,RESOLVED
WO000979,P001-U014,2026-02-04,,MEDIUM,,416.9,OPEN
WO000980,P009-U010,2026-03-04,2026-03-17,CRITICAL,72.6,541.4,RESOLVED
WO000981,P007-U006,2026-04-11,2026-04-13,MEDIUM,89.6,894.74,RESOLVED
WO000982,P011-U009,2026-01-05,,MEDIUM,,1046.46,OPEN
WO000983,P007-U020,2026-06-19,2026-06-23,MEDIUM,64.1,756.67,RESOLVED
WO000984,P005-U017,2026-03-13,2026-03-27,MEDIUM,33.2,292.93,RESOLVED
WO000985,P009-U019,2026-02-28,2026-03-13,MEDIUM,80.4,223.55,RESOLVED
WO000986,P004-U015,2026-02-14,2026-02-14,MEDIUM,25.7,24.05,RESOLVED
WO000987,P012-U011,2026-05-16,2026-05-23,CRITICAL,10.4,819.82,RESOLVED
WO000988,P011-U001,2026-03-10,,CRITICAL,,638.85,OPEN
WO000989,P003-U005,2026-04-19,2026-05-01,HIGH,45.4,585.42,RESOLVED
WO000990,P008-U014,2026-03-24,2026-03-29,MEDIUM,58.2,1180.86,RESOLVED
WO000991,P005-U009,2026-04-08,,LOW,,986.47,OPEN
WO000992,P008-U004,2026-05-04,2026-05-04,CRITICAL,79.3,312.55,RESOLVED
WO000993,P011-U020,2026-05-02,,MEDIUM,,140.73,OPEN
WO000994,P001-U006,2026-03-07,2026-03-18,MEDIUM,53.1,528.06,RESOLVED
WO000995,P005-U003,2026-06-19,,MEDIUM,,642.86,OPEN
WO000996,P012-U002,2026-03-22,2026-04-04,CRITICAL,30.8,895.41,RESOLVED
WO000997,P009-U004,2026-01-02,,MEDIUM,,372.66,OPEN
WO000998,P002-U016,2026-06-26,2026-07-11,LOW,60.0,1093.61,RESOLVED
WO000999,P012-U017,2026-03-14,2026-03-14,MEDIUM,74.9,330.83,RESOLVED
WO001000,P002-U016,2026-01-26,2026-02-02,LOW,23.3,1100.79,RESOLVED
WO001001,P007-U011,2026-01-06,2026-01-14,LOW,49.9,894.63,RESOLVED
WO001002,P002-U003,2026-05-27,2026-06-02,CRITICAL,11.9,904.08,RESOLVED
WO001003,P003-U010,2026-02-02,2026-02-08,CRITICAL,95.6,924.21,RESOLVED
WO001004,P009-U006,2026-03-23,,HIGH,,1083.27,OPEN
WO001005,P007-U004,2026-02-27,2026-03-11,CRITICAL,18.4,46.08,RESOLVED
WO001006,P009-U001,2026-05-05,2026-05-17,CRITICAL,23.6,233.35,RESOLVED
WO001007,P008-U019,2026-03-05,2026-03-06,MEDIUM,72.3,99.14,RESOLVED
WO001008,P008-U016,2026-02-11,,HIGH,,1086.1,OPEN
WO001009,P006-U020,2026-01-06,2026-01-10,CRITICAL,19.9,1114.55,RESOLVED
WO001010,P004-U006,2026-05-13,,LOW,,705.93,OPEN
WO001011,P002-U012,2026-01-28,2026-02-03,LOW,46.3,1166.81,RESOLVED
WO001012,P009-U004,2026-05-14,2026-05-29,MEDIUM,87.5,1038.5,RESOLVED
WO001013,P006-U012,2026-05-11,2026-05-20,CRITICAL,41.8,528.36,RESOLVED
WO001014,P002-U012,2026-06-24,2026-07-04,LOW,18.4,157.95,RESOLVED
WO001015,P004-U003,2026-05-18,2026-06-01,HIGH,62.5,413.15,RESOLVED
WO001016,P002-U002,2026-06-05,2026-06-18,MEDIUM,34.0,242.5,RESOLVED
WO001017,P009-U006,2026-03-12,,MEDIUM,,417.77,OPEN
WO001018,P002-U004,2026-02-13,,MEDIUM,,69.82,OPEN
WO001019,P010-U002,2026-04-11,2026-04-18,MEDIUM,83.6,1237.91,RESOLVED
WO001020,P012-U018,2026-02-17,2026-03-04,HIGH,59.9,608.06,RESOLVED
WO001021,P002-U011,2026-04-05,,HIGH,,457.75,OPEN
WO001022,P011-U015,2026-01-02,,LOW,,492.25,OPEN
WO001023,P003-U005,2026-06-03,2026-06-18,HIGH,65.6,853.08,RESOLVED
WO001024,P008-U001,2026-06-14,2026-06-26,LOW,27.9,1186.89,RESOLVED
WO001025,P003-U005,2026-02-11,2026-02-15,HIGH,60.9,79.79,RESOLVED
WO001026,P007-U016,2026-05-24,2026-05-25,HIGH,54.5,1196.35,RESOLVED
WO001027,P010-U013,2026-03-08,2026-03-10,CRITICAL,73.4,721.75,RESOLVED
WO001028,P011-U010,2026-01-01,,HIGH,,998.4,OPEN
WO001029,P003-U003,2026-04-18,2026-04-22,LOW,32.7,1106.74,RESOLVED
WO001030,P001-U016,2026-03-13,2026-03-25,HIGH,26.7,355.17,RESOLVED
WO001031,P008-U010,2026-03-18,2026-03-26,MEDIUM,43.8,383.93,RESOLVED
WO001032,P006-U009,2026-02-24,2026-03-08,LOW,68.7,456.11,RESOLVED
WO001033,P001-U007,2026-06-04,2026-06-14,CRITICAL,63.9,67.84,RESOLVED
WO001034,P008-U003,2026-04-24,,CRITICAL,,604.24,OPEN
WO001035,P004-U012,2026-03-25,2026-04-06,CRITICAL,23.1,601.47,RESOLVED
WO001036,P012-U017,2026-02-10,2026-02-25,CRITICAL,13.0,205.35,RESOLVED
WO001037,P009-U019,2026-03-12,2026-03-20,HIGH,57.9,498.17,RESOLVED
WO001038,P012-U006,2026-03-03,2026-03-15,HIGH,34.0,287.94,RESOLVED
WO001039,P003-U003,2026-01-01,2026-01-11,CRITICAL,54.2,1024.1,RESOLVED
WO001040,P001-U014,2026-04-20,,CRITICAL,,839.9,OPEN
WO001041,P010-U019,2026-01-13,2026-01-17,MEDIUM,2.9,928.43,RESOLVED
WO001042,P010-U004,2026-04-13,2026-04-14,MEDIUM,3.2,1218.11,RESOLVED
WO001043,P001-U020,2026-05-08,2026-05-17,HIGH,36.7,182.53,RESOLVED
WO001044,P004-U012,2026-04-15,2026-04-15,HIGH,16.1,835.97,RESOLVED
WO001045,P007-U011,2026-04-24,2026-05-03,HIGH,69.2,359.0,RESOLVED
WO001046,P007-U017,2026-04-09,2026-04-10,LOW,49.2,829.13,RESOLVED
WO001047,P005-U020,2026-06-24,2026-07-03,HIGH,3.3,237.03,RESOLVED
WO001048,P007-U020,2026-01-22,2026-02-05,HIGH,71.2,111.0,RESOLVED
WO001049,P002-U008,2026-01-25,2026-01-25,CRITICAL,65.0,1051.14,RESOLVED
WO001050,P007-U010,2026-04-13,,HIGH,,831.01,OPEN
WO001051,P012-U014,2026-05-15,2026-05-29,MEDIUM,5.5,1070.23,RESOLVED
WO001052,P010-U018,2026-06-25,2026-06-28,LOW,69.8,1079.6,RESOLVED
WO001053,P012-U014,2026-03-13,2026-03-28,CRITICAL,80.0,596.28,RESOLVED
WO001054,P006-U003,2026-06-21,2026-07-05,CRITICAL,91.8,568.37,RESOLVED
WO001055,P009-U015,2026-04-05,2026-04-18,LOW,33.0,262.75,RESOLVED
WO001056,P010-U006,2026-01-15,2026-01-17,LOW,2.6,389.03,RESOLVED
WO001057,P001-U009,2026-03-25,,LOW,,288.62,OPEN
WO001058,P006-U017,2026-04-15,2026-04-18,CRITICAL,25.4,318.48,RESOLVED
WO001059,P008-U009,2026-04-28,2026-04-29,MEDIUM,33.0,846.96,RESOLVED
WO001060,P008-U005,2026-01-03,2026-01-08,LOW,67.6,1071.6,RESOLVED
WO001061,P009-U016,2026-03-10,,MEDIUM,,79.09,OPEN
WO001062,P008-U013,2026-01-04,2026-01-17,MEDIUM,20.0,522.08,RESOLVED
WO001063,P008-U020,2026-03-18,2026-03-30,HIGH,94.0,22.55,RESOLVED
WO001064,P001-U020,2026-03-01,2026-03-09,HIGH,78.0,736.74,RESOLVED
WO001065,P008-U019,2026-02-07,,CRITICAL,,461.48,OPEN
WO001066,P011-U020,2026-05-07,2026-05-09,HIGH,70.6,161.95,RESOLVED
WO001067,P004-U019,2026-02-12,2026-02-26,MEDIUM,45.2,451.87,RESOLVED
WO001068,P005-U006,2026-04-25,2026-04-28,MEDIUM,93.6,1206.39,RESOLVED
WO001069,P001-U006,2026-02-01,2026-02-13,CRITICAL,46.9,913.83,RESOLVED
WO001070,P005-U009,2026-05-16,2026-05-19,MEDIUM,93.8,113.35,RESOLVED
WO001071,P011-U008,2026-01-04,,HIGH,,492.13,OPEN
WO001072,P010-U011,2026-03-14,2026-03-28,CRITICAL,58.7,453.67,RESOLVED
WO001073,P004-U018,2026-02-10,2026-02-25,LOW,74.2,287.25,RESOLVED
WO001074,P011-U019,2026-04-15,2026-04-21,MEDIUM,39.9,383.85,RESOLVED
WO001075,P006-U007,2026-05-08,,CRITICAL,,1016.32,OPEN
WO001076,P012-U002,2026-02-14,2026-02-27,HIGH,91.0,1131.86,RESOLVED
WO001077,P009-U013,2026-05-05,2026-05-10,CRITICAL,61.8,935.48,RESOLVED
WO001078,P002-U004,2026-02-04,2026-02-15,CRITICAL,32.9,162.99,RESOLVED
WO001079,P008-U018,2026-02-17,2026-03-02,HIGH,72.5,1211.8,RESOLVED
WO001080,P002-U018,2026-03-01,2026-03-12,MEDIUM,56.1,1036.16,RESOLVED
WO001081,P004-U010,2026-06-26,2026-06-27,CRITICAL,37.8,1029.06,RESOLVED
WO001082,P008-U002,2026-05-07,2026-05-10,LOW,13.8,904.76,RESOLVED
WO001083,P002-U009,2026-01-05,2026-01-14,HIGH,55.8,1149.86,RESOLVED
WO001084,P002-U008,2026-04-26,2026-05-03,MEDIUM,60.2,406.97,RESOLVED
WO001085,P005-U015,2026-06-04,,MEDIUM,,21.66,OPEN
WO001086,P009-U008,2026-02-11,2026-02-22,MEDIUM,58.4,1227.24,RESOLVED
WO001087,P001-U003,2026-04-11,2026-04-12,HIGH,90.8,626.61,RESOLVED
WO001088,P012-U005,2026-05-12,,LOW,,67.14,OPEN
WO001089,P002-U007,2026-01-28,2026-02-01,LOW,8.6,1191.32,RESOLVED
WO001090,P006-U001,2026-05-10,2026-05-13,CRITICAL,75.2,698.07,RESOLVED
WO001091,P006-U017,2026-04-18,2026-04-29,MEDIUM,44.0,1098.26,RESOLVED
WO001092,P002-U020,2026-03-21,2026-04-01,HIGH,5.8,637.72,RESOLVED
WO001093,P006-U004,2026-01-01,2026-01-11,CRITICAL,3.5,1053.2,RESOLVED
WO001094,P002-U017,2026-03-02,2026-03-17,HIGH,73.2,944.81,RESOLVED
WO001095,P006-U001,2026-02-19,2026-02-20,HIGH,73.5,567.81,RESOLVED
WO001096,P001-U011,2026-06-08,2026-06-18,CRITICAL,69.6,587.3,RESOLVED
WO001097,P004-U004,2026-05-03,2026-05-14,LOW,7.4,652.92,RESOLVED
WO001098,P010-U002,2026-05-02,2026-05-02,LOW,2.4,100.61,RESOLVED
WO001099,P008-U006,2026-01-01,2026-01-03,CRITICAL,95.3,1241.57,RESOLVED
WO001100,P002-U006,2026-01-15,2026-01-24,LOW,16.0,198.77,RESOLVED
WO001101,P003-U016,2026-06-11,2026-06-13,HIGH,88.5,365.51,RESOLVED
WO001102,P006-U016,2026-06-04,2026-06-12,LOW,30.6,928.52,RESOLVED
WO001103,P007-U005,2026-06-24,2026-07-07,LOW,37.1,441.49,RESOLVED
WO001104,P010-U019,2026-05-20,,LOW,,161.91,OPEN
WO001105,P007-U001,2026-06-18,2026-06-22,MEDIUM,72.9,366.18,RESOLVED
WO001106,P005-U020,2026-06-21,2026-07-02,HIGH,81.7,330.1,RESOLVED
WO001107,P011-U017,2026-02-20,2026-02-22,MEDIUM,21.5,940.28,RESOLVED
WO001108,P010-U006,2026-01-08,2026-01-21,LOW,46.8,421.14,RESOLVED
WO001109,P012-U003,2026-03-24,2026-04-07,LOW,66.0,85.5,RESOLVED
WO001110,P004-U019,2026-06-11,2026-06-24,CRITICAL,74.6,1088.94,RESOLVED
WO001111,P001-U010,2026-06-14,2026-06-26,LOW,85.5,1123.22,RESOLVED
WO001112,P003-U001,2026-03-22,2026-04-02,CRITICAL,35.4,1056.36,RESOLVED
WO001113,P010-U001,2026-02-16,2026-02-21,LOW,61.5,491.87,RESOLVED
WO001114,P012-U013,2026-06-08,2026-06-08,HIGH,41.7,1190.34,RESOLVED
WO001115,P012-U013,2026-03-06,2026-03-12,LOW,14.7,790.76,RESOLVED
WO001116,P008-U009,2026-05-07,2026-05-16,HIGH,33.3,490.59,RESOLVED
WO001117,P009-U015,2026-02-22,2026-03-06,LOW,19.8,655.17,RESOLVED
WO001118,P011-U005,2026-04-16,2026-04-29,HIGH,71.7,624.31,RESOLVED
WO001119,P011-U018,2026-02-11,2026-02-18,MEDIUM,43.0,872.61,RESOLVED
WO001120,P004-U019,2026-01-22,2026-01-30,MEDIUM,37.9,848.77,RESOLVED
WO001121,P005-U018,2026-01-10,2026-01-10,CRITICAL,2.7,38.33,RESOLVED
WO001122,P007-U005,2026-02-15,2026-02-28,HIGH,10.0,973.36,RESOLVED
WO001123,P005-U011,2026-05-10,2026-05-11,LOW,10.5,166.43,RESOLVED
WO001124,P009-U017,2026-04-14,,MEDIUM,,599.47,OPEN
WO001125,P010-U017,2026-01-28,2026-02-10,LOW,3.2,991.34,RESOLVED
WO001126,P007-U010,2026-02-09,2026-02-11,HIGH,18.0,195.26,RESOLVED
WO001127,P008-U005,2026-04-13,,HIGH,,722.53,OPEN
WO001128,P010-U011,2026-03-21,2026-03-26,CRITICAL,54.8,1222.49,RESOLVED
WO001129,P002-U019,2026-01-27,2026-02-05,LOW,25.8,918.29,RESOLVED
WO001130,P007-U017,2026-02-28,2026-03-03,LOW,80.8,711.59,RESOLVED
WO001131,P006-U019,2026-04-11,,LOW,,208.4,OPEN
WO001132,P004-U013,2026-02-20,2026-02-28,HIGH,79.4,414.61,RESOLVED
WO001133,P011-U010,2026-02-05,,LOW,,343.22,OPEN
WO001134,P003-U016,2026-01-04,2026-01-19,MEDIUM,2.6,845.56,RESOLVED
WO001135,P009-U014,2026-02-07,2026-02-09,CRITICAL,84.5,520.58,RESOLVED
WO001136,P002-U011,2026-04-21,,HIGH,,315.59,OPEN
WO001137,P010-U015,2026-03-28,2026-04-09,LOW,26.2,1156.74,RESOLVED
WO001138,P009-U011,2026-02-19,2026-03-06,CRITICAL,46.8,69.97,RESOLVED
WO001139,P002-U014,2026-01-11,2026-01-18,LOW,59.6,26.05,RESOLVED
WO001140,P007-U010,2026-05-28,2026-06-12,HIGH,14.5,968.05,RESOLVED
WO001141,P006-U011,2026-01-09,2026-01-15,CRITICAL,61.1,848.82,RESOLVED
WO001142,P001-U013,2026-02-05,2026-02-09,MEDIUM,27.2,128.99,RESOLVED
WO001143,P012-U015,2026-06-24,,HIGH,,495.78,OPEN
WO001144,P004-U017,2026-06-26,2026-06-29,CRITICAL,71.4,138.78,RESOLVED
WO001145,P006-U013,2026-04-09,2026-04-12,CRITICAL,95.9,872.73,RESOLVED
WO001146,P001-U008,2026-06-17,2026-06-25,LOW,2.7,588.48,RESOLVED
WO001147,P011-U011,2026-06-04,,LOW,,875.88,OPEN
WO001148,P001-U014,2026-03-22,,MEDIUM,,1007.44,OPEN
WO001149,P009-U020,2026-02-03,2026-02-09,LOW,50.2,194.08,RESOLVED
WO001150,P007-U007,2026-03-27,2026-04-09,CRITICAL,42.2,909.46,RESOLVED
WO001151,P001-U009,2026-06-07,,LOW,,1203.32,OPEN
WO001152,P011-U004,2026-02-28,,MEDIUM,,905.5,OPEN
WO001153,P005-U017,2026-04-06,2026-04-07,CRITICAL,88.2,87.41,RESOLVED
WO001154,P006-U017,2026-01-24,2026-01-31,MEDIUM,31.8,887.47,RESOLVED
WO001155,P012-U017,2026-01-09,,CRITICAL,,650.7,OPEN
WO001156,P011-U010,2026-05-19,,MEDIUM,,708.76,OPEN
WO001157,P009-U008,2026-02-15,,CRITICAL,,732.19,OPEN
WO001158,P006-U006,2026-05-01,,MEDIUM,,1023.31,OPEN
WO001159,P003-U018,2026-01-19,2026-01-21,LOW,68.2,800.92,RESOLVED
WO001160,P001-U002,2026-02-25,2026-02-27,LOW,63.1,651.32,RESOLVED
WO001161,P010-U001,2026-05-10,2026-05-24,HIGH,64.0,1087.77,RESOLVED
WO001162,P005-U006,2026-04-08,2026-04-15,HIGH,55.7,32.77,RESOLVED
WO001163,P008-U006,2026-06-18,,LOW,,482.87,OPEN
WO001164,P001-U007,2026-02-18,2026-02-21,HIGH,5.4,1050.32,RESOLVED
WO001165,P008-U013,2026-04-08,2026-04-08,MEDIUM,47.9,624.05,RESOLVED
WO001166,P009-U004,2026-02-04,2026-02-10,CRITICAL,25.1,119.01,RESOLVED
WO001167,P012-U009,2026-05-03,2026-05-08,LOW,17.2,737.78,RESOLVED
WO001168,P004-U002,2026-05-09,2026-05-24,MEDIUM,35.1,139.24,RESOLVED
WO001169,P011-U005,2026-04-05,,HIGH,,699.06,OPEN
WO001170,P008-U012,2026-03-07,2026-03-09,LOW,47.6,1156.41,RESOLVED
WO001171,P008-U002,2026-03-09,2026-03-19,MEDIUM,52.8,317.52,RESOLVED
WO001172,P010-U001,2026-05-26,,LOW,,591.15,OPEN
WO001173,P002-U013,2026-04-02,2026-04-09,MEDIUM,4.5,703.99,RESOLVED
WO001174,P009-U005,2026-06-05,2026-06-14,MEDIUM,51.6,362.1,RESOLVED
WO001175,P003-U018,2026-02-06,,MEDIUM,,1099.72,OPEN
WO001176,P010-U006,2026-06-22,2026-06-30,CRITICAL,15.2,1104.65,RESOLVED
WO001177,P003-U015,2026-02-09,2026-02-13,CRITICAL,75.6,176.15,RESOLVED
WO001178,P007-U008,2026-02-23,2026-03-04,MEDIUM,37.3,577.63,RESOLVED
WO001179,P012-U011,2026-05-02,,HIGH,,130.99,OPEN
WO001180,P002-U005,2026-02-07,2026-02-21,CRITICAL,36.8,888.94,RESOLVED
WO001181,P012-U008,2026-01-26,2026-02-08,CRITICAL,3.8,765.39,RESOLVED
WO001182,P004-U017,2026-05-05,2026-05-08,LOW,1.9,945.49,RESOLVED
WO001183,P003-U001,2026-04-03,2026-04-12,LOW,15.5,913.07,RESOLVED
WO001184,P002-U015,2026-05-25,2026-06-02,HIGH,35.1,331.04,RESOLVED
WO001185,P008-U006,2026-05-16,2026-05-27,MEDIUM,62.3,1239.49,RESOLVED
WO001186,P012-U008,2026-05-08,2026-05-18,LOW,13.9,601.08,RESOLVED
WO001187,P009-U013,2026-03-23,2026-03-25,HIGH,67.0,970.88,RESOLVED
WO001188,P011-U008,2026-06-13,2026-06-22,HIGH,81.5,85.15,RESOLVED
WO001189,P007-U004,2026-06-05,2026-06-12,HIGH,54.4,470.07,RESOLVED
WO001190,P006-U012,2026-04-22,,LOW,,552.28,OPEN
WO001191,P007-U001,2026-01-12,2026-01-17,MEDIUM,93.4,615.07,RESOLVED
WO001192,P011-U015,2026-06-18,2026-06-25,HIGH,62.7,680.97,RESOLVED
WO001193,P008-U010,2026-02-11,2026-02-12,CRITICAL,5.3,1049.19,RESOLVED
WO001194,P003-U016,2026-05-19,2026-05-26,LOW,32.3,605.22,RESOLVED
WO001195,P008-U014,2026-05-27,2026-06-07,LOW,25.6,1024.66,RESOLVED
WO001196,P012-U002,2026-05-15,2026-05-19,MEDIUM,9.4,359.96,RESOLVED
WO001197,P006-U004,2026-06-04,2026-06-06,HIGH,77.0,968.7,RESOLVED
WO001198,P007-U012,2026-06-11,2026-06-19,LOW,56.4,1022.84,RESOLVED
WO001199,P007-U001,2026-03-05,2026-03-12,MEDIUM,51.7,767.43,RESOLVED
WO001200,P007-U013,2026-05-07,2026-05-17,LOW,83.9,568.62,RESOLVED
WO001201,P004-U017,2026-01-16,2026-01-19,MEDIUM,42.2,858.5,RESOLVED
WO001202,P006-U012,2026-01-11,2026-01-14,LOW,59.2,481.77,RESOLVED
WO001203,P009-U001,2026-02-21,2026-02-28,LOW,34.5,714.51,RESOLVED
WO001204,P001-U012,2026-02-21,2026-02-21,HIGH,70.6,495.17,RESOLVED
WO001205,P012-U020,2026-04-18,2026-04-27,LOW,62.5,1209.57,RESOLVED
WO001206,P002-U003,2026-01-12,2026-01-23,LOW,68.4,704.01,RESOLVED
WO001207,P006-U020,2026-03-21,,CRITICAL,,392.12,OPEN
WO001208,P010-U014,2026-05-11,2026-05-20,HIGH,16.6,311.12,RESOLVED
WO001209,P003-U016,2026-03-16,,LOW,,732.26,OPEN
WO001210,P006-U016,2026-03-18,,HIGH,,1248.25,OPEN
WO001211,P008-U019,2026-01-04,2026-01-18,CRITICAL,64.2,645.61,RESOLVED
WO001212,P003-U020,2026-03-10,2026-03-13,HIGH,2.1,1154.73,RESOLVED
WO001213,P005-U013,2026-06-09,2026-06-09,CRITICAL,46.3,1097.9,RESOLVED
WO001214,P010-U004,2026-04-16,2026-04-19,HIGH,14.9,1243.85,RESOLVED
WO001215,P011-U005,2026-04-13,2026-04-20,LOW,11.7,723.33,RESOLVED
WO001216,P002-U012,2026-04-14,2026-04-25,HIGH,71.6,73.18,RESOLVED
WO001217,P012-U017,2026-03-08,2026-03-17,CRITICAL,49.6,439.52,RESOLVED
WO001218,P003-U008,2026-02-27,2026-02-27,HIGH,54.0,261.68,RESOLVED
WO001219,P005-U010,2026-04-11,2026-04-20,CRITICAL,21.2,313.51,RESOLVED
WO001220,P004-U018,2026-05-18,2026-05-26,MEDIUM,14.9,297.72,RESOLVED
WO001221,P008-U012,2026-04-26,2026-05-04,LOW,48.8,1172.72,RESOLVED
WO001222,P001-U007,2026-05-08,2026-05-14,MEDIUM,4.8,835.82,RESOLVED
WO001223,P004-U001,2026-01-26,,HIGH,,535.96,OPEN
WO001224,P003-U008,2026-04-24,,MEDIUM,,517.63,OPEN
WO001225,P011-U016,2026-02-24,2026-02-28,CRITICAL,76.4,620.24,RESOLVED
WO001226,P002-U010,2026-04-27,,HIGH,,233.79,OPEN
WO001227,P007-U004,2026-06-22,2026-07-03,LOW,89.7,81.99,RESOLVED
WO001228,P005-U011,2026-04-15,2026-04-25,LOW,74.5,370.34,RESOLVED
WO001229,P004-U017,2026-05-13,2026-05-20,CRITICAL,21.4,1164.76,RESOLVED
WO001230,P003-U017,2026-03-07,,LOW,,628.46,OPEN
WO001231,P005-U016,2026-04-02,2026-04-11,CRITICAL,73.0,300.64,RESOLVED
WO001232,P003-U004,2026-05-19,2026-05-27,LOW,33.0,1158.39,RESOLVED
WO001233,P003-U013,2026-01-02,2026-01-08,LOW,20.0,137.87,RESOLVED
WO001234,P004-U016,2026-03-12,2026-03-26,LOW,28.5,606.57,RESOLVED
WO001235,P010-U003,2026-02-28,,MEDIUM,,1026.86,OPEN
WO001236,P010-U003,2026-02-26,2026-03-03,HIGH,70.3,1012.27,RESOLVED
WO001237,P001-U020,2026-01-08,,MEDIUM,,76.3,OPEN
WO001238,P012-U018,2026-03-27,2026-03-30,LOW,24.4,906.19,RESOLVED
WO001239,P010-U014,2026-04-04,2026-04-13,MEDIUM,84.6,572.13,RESOLVED
WO001240,P004-U012,2026-05-15,,CRITICAL,,623.56,OPEN
WO001241,P008-U010,2026-03-03,2026-03-11,LOW,55.3,1181.04,RESOLVED
WO001242,P011-U010,2026-02-01,,MEDIUM,,885.02,OPEN
WO001243,P008-U020,2026-03-09,2026-03-22,MEDIUM,89.8,363.26,RESOLVED
WO001244,P002-U003,2026-04-24,2026-04-25,CRITICAL,13.5,602.55,RESOLVED
WO001245,P009-U011,2026-03-25,2026-03-25,MEDIUM,27.9,554.21,RESOLVED
WO001246,P005-U002,2026-01-08,2026-01-17,HIGH,49.5,856.34,RESOLVED
WO001247,P001-U015,2026-02-21,2026-03-08,LOW,67.5,1019.59,RESOLVED
WO001248,P010-U016,2026-01-10,2026-01-18,LOW,43.3,254.34,RESOLVED
WO001249,P003-U008,2026-03-18,2026-03-21,HIGH,81.4,1018.96,RESOLVED
WO001250,P002-U019,2026-03-22,,CRITICAL,,545.16,OPEN
WO001251,P008-U004,2026-05-28,2026-05-28,HIGH,87.4,418.76,RESOLVED
WO001252,P006-U010,2026-06-09,2026-06-15,CRITICAL,93.5,712.72,RESOLVED
WO001253,P010-U014,2026-03-26,2026-04-09,HIGH,93.0,159.34,RESOLVED
WO001254,P004-U012,2026-06-20,,MEDIUM,,221.37,OPEN
WO001255,P011-U017,2026-04-19,2026-04-29,CRITICAL,26.4,258.35,RESOLVED
WO001256,P007-U012,2026-05-12,,MEDIUM,,631.8,OPEN
WO001257,P004-U005,2026-06-05,,HIGH,,564.17,OPEN
WO001258,P007-U007,2026-06-07,2026-06-21,HIGH,62.0,196.87,RESOLVED
WO001259,P004-U018,2026-01-21,2026-01-25,LOW,78.4,239.76,RESOLVED
WO001260,P011-U012,2026-02-12,2026-02-17,HIGH,23.5,298.88,RESOLVED
WO001261,P011-U004,2026-03-14,,HIGH,,405.39,OPEN
WO001262,P008-U018,2026-01-05,2026-01-20,CRITICAL,84.6,89.99,RESOLVED
WO001263,P010-U013,2026-06-24,,LOW,,137.53,OPEN
WO001264,P005-U002,2026-01-06,,MEDIUM,,761.36,OPEN
WO001265,P011-U008,2026-05-23,2026-05-25,HIGH,72.9,588.01,RESOLVED
WO001266,P009-U005,2026-06-07,2026-06-13,MEDIUM,31.1,1227.69,RESOLVED
WO001267,P012-U010,2026-04-14,2026-04-25,LOW,61.5,289.59,RESOLVED
WO001268,P008-U009,2026-03-12,2026-03-18,MEDIUM,15.6,648.62,RESOLVED
WO001269,P004-U013,2026-06-04,2026-06-05,CRITICAL,54.3,674.12,RESOLVED
WO001270,P008-U006,2026-02-24,,HIGH,,919.89,OPEN
WO001271,P007-U004,2026-02-05,2026-02-18,HIGH,21.1,557.72,RESOLVED
WO001272,P012-U010,2026-06-14,2026-06-23,MEDIUM,26.8,955.23,RESOLVED
WO001273,P002-U003,2026-03-16,2026-03-21,LOW,79.8,766.08,RESOLVED
WO001274,P008-U020,2026-03-27,2026-04-05,CRITICAL,28.0,1036.67,RESOLVED
WO001275,P005-U016,2026-05-14,2026-05-16,MEDIUM,6.9,834.05,RESOLVED
WO001276,P004-U019,2026-02-05,2026-02-19,CRITICAL,10.8,1106.78,RESOLVED
WO001277,P011-U006,2026-01-04,2026-01-14,CRITICAL,72.3,1226.58,RESOLVED
WO001278,P007-U016,2026-03-09,2026-03-15,MEDIUM,38.8,1061.51,RESOLVED
WO001279,P010-U003,2026-05-02,2026-05-08,HIGH,22.9,398.32,RESOLVED
WO001280,P002-U007,2026-03-22,2026-03-26,MEDIUM,43.2,539.1,RESOLVED
WO001281,P007-U007,2026-06-13,,LOW,,346.3,OPEN
WO001282,P009-U004,2026-05-08,2026-05-11,CRITICAL,91.4,652.33,RESOLVED
WO001283,P009-U008,2026-06-12,,HIGH,,795.65,OPEN
WO001284,P005-U005,2026-02-03,,HIGH,,925.73,OPEN
WO001285,P001-U004,2026-05-15,,CRITICAL,,124.88,OPEN
WO001286,P005-U006,2026-01-28,2026-01-28,LOW,32.6,1161.5,RESOLVED
WO001287,P004-U013,2026-02-02,2026-02-11,MEDIUM,85.3,672.54,RESOLVED
WO001288,P006-U007,2026-06-12,2026-06-12,CRITICAL,28.7,387.82,RESOLVED
WO001289,P005-U016,2026-06-27,2026-07-05,HIGH,35.6,1054.33,RESOLVED
WO001290,P003-U017,2026-04-11,2026-04-22,HIGH,79.5,1112.58,RESOLVED
WO001291,P007-U007,2026-03-23,2026-03-27,CRITICAL,25.2,1194.11,RESOLVED
WO001292,P007-U018,2026-04-09,2026-04-23,LOW,92.8,808.28,RESOLVED
WO001293,P009-U001,2026-03-01,2026-03-14,CRITICAL,2.3,1090.38,RESOLVED
WO001294,P002-U020,2026-06-14,,HIGH,,449.25,OPEN
WO001295,P010-U009,2026-02-21,2026-03-04,MEDIUM,81.9,1018.35,RESOLVED
WO001296,P003-U003,2026-05-25,2026-05-28,MEDIUM,18.6,227.34,RESOLVED
WO001297,P008-U015,2026-03-03,2026-03-13,LOW,53.9,945.97,RESOLVED
WO001298,P006-U018,2026-06-16,2026-06-17,LOW,91.2,1062.14,RESOLVED
WO001299,P004-U002,2026-02-01,2026-02-03,CRITICAL,89.3,229.22,RESOLVED
WO001300,P005-U003,2026-05-18,2026-05-28,CRITICAL,69.6,189.45,RESOLVED
WO001301,P006-U004,2026-04-12,2026-04-13,HIGH,23.9,450.73,RESOLVED
WO001302,P004-U018,2026-01-21,,MEDIUM,,168.31,OPEN
WO001303,P005-U009,2026-03-07,2026-03-19,HIGH,44.5,962.08,RESOLVED
WO001304,P005-U019,2026-02-10,2026-02-20,MEDIUM,72.7,1185.16,RESOLVED
WO001305,P003-U012,2026-02-26,2026-03-03,HIGH,80.4,154.21,RESOLVED
WO001306,P002-U019,2026-03-01,2026-03-08,MEDIUM,44.2,447.97,RESOLVED
WO001307,P009-U020,2026-02-09,2026-02-21,HIGH,35.1,921.01,RESOLVED
WO001308,P002-U005,2026-04-11,2026-04-21,LOW,56.9,38.8,RESOLVED
WO001309,P009-U020,2026-05-04,,CRITICAL,,1202.4,OPEN
WO001310,P011-U011,2026-02-18,,HIGH,,97.42,OPEN
WO001311,P003-U007,2026-06-15,2026-06-15,LOW,3.7,994.32,RESOLVED
WO001312,P002-U001,2026-03-08,2026-03-22,LOW,63.8,484.9,RESOLVED
WO001313,P012-U015,2026-06-28,2026-07-13,HIGH,72.5,335.28,RESOLVED
WO001314,P011-U014,2026-03-04,2026-03-08,HIGH,28.7,1227.18,RESOLVED
WO001315,P012-U008,2026-02-26,2026-03-06,LOW,38.8,982.16,RESOLVED
WO001316,P009-U005,2026-02-26,2026-03-04,HIGH,86.5,858.28,RESOLVED
WO001317,P001-U017,2026-05-09,2026-05-23,HIGH,29.6,1159.77,RESOLVED
WO001318,P001-U010,2026-03-12,,MEDIUM,,467.78,OPEN
WO001319,P011-U014,2026-01-17,2026-01-24,MEDIUM,36.6,1081.72,RESOLVED
WO001320,P007-U002,2026-05-14,2026-05-14,CRITICAL,59.3,960.25,RESOLVED
WO001321,P009-U009,2026-05-03,2026-05-09,CRITICAL,22.8,1122.0,RESOLVED
WO001322,P007-U005,2026-03-02,2026-03-17,CRITICAL,7.7,883.87,RESOLVED
WO001323,P008-U017,2026-02-04,2026-02-09,LOW,49.5,1003.58,RESOLVED
WO001324,P001-U019,2026-04-16,,LOW,,1047.61,OPEN
WO001325,P011-U019,2026-02-13,2026-02-16,MEDIUM,22.8,170.16,RESOLVED
WO001326,P009-U014,2026-03-21,2026-03-28,CRITICAL,28.7,497.8,RESOLVED
WO001327,P005-U018,2026-02-08,2026-02-18,CRITICAL,4.2,1239.52,RESOLVED
WO001328,P001-U012,2026-01-06,,LOW,,529.65,OPEN
WO001329,P008-U017,2026-02-06,2026-02-11,MEDIUM,20.1,153.37,RESOLVED
WO001330,P006-U019,2026-01-12,2026-01-15,HIGH,40.0,584.07,RESOLVED
WO001331,P007-U008,2026-04-03,2026-04-09,HIGH,38.8,878.76,RESOLVED
WO001332,P009-U004,2026-03-21,,LOW,,927.73,OPEN
WO001333,P007-U019,2026-02-17,,CRITICAL,,1138.49,OPEN
WO001334,P003-U007,2026-06-14,,HIGH,,950.49,OPEN
WO001335,P012-U009,2026-01-07,2026-01-09,HIGH,54.8,86.77,RESOLVED
WO001336,P011-U014,2026-02-18,2026-02-24,LOW,72.0,152.65,RESOLVED
WO001337,P009-U004,2026-01-13,2026-01-18,MEDIUM,27.0,280.1,RESOLVED
WO001338,P011-U011,2026-03-08,,LOW,,492.8,OPEN
WO001339,P007-U009,2026-01-10,2026-01-22,CRITICAL,28.4,653.82,RESOLVED
WO001340,P005-U012,2026-05-10,2026-05-15,LOW,73.7,1216.02,RESOLVED
WO001341,P002-U012,2026-02-06,,LOW,,65.66,OPEN
WO001342,P007-U003,2026-05-10,2026-05-17,CRITICAL,94.6,964.17,RESOLVED
WO001343,P007-U018,2026-06-19,2026-06-19,LOW,66.3,674.81,RESOLVED
WO001344,P002-U011,2026-06-17,2026-06-22,MEDIUM,69.6,963.91,RESOLVED
WO001345,P010-U001,2026-06-23,2026-06-26,HIGH,73.1,217.86,RESOLVED
WO001346,P008-U010,2026-05-08,2026-05-17,LOW,86.3,263.01,RESOLVED
WO001347,P006-U002,2026-06-18,,LOW,,1241.24,OPEN
WO001348,P004-U017,2026-01-20,2026-02-02,MEDIUM,93.7,621.04,RESOLVED
WO001349,P012-U005,2026-02-19,2026-03-01,HIGH,88.4,1181.21,RESOLVED
WO001350,P011-U009,2026-02-01,2026-02-10,MEDIUM,4.7,131.72,RESOLVED
WO001351,P011-U011,2026-05-22,2026-06-02,LOW,50.7,307.76,RESOLVED
WO001352,P008-U010,2026-03-23,2026-03-23,LOW,75.2,1143.62,RESOLVED
WO001353,P006-U002,2026-06-09,2026-06-13,CRITICAL,83.0,198.52,RESOLVED
WO001354,P004-U006,2026-06-04,,MEDIUM,,193.33,OPEN
WO001355,P012-U018,2026-01-26,,HIGH,,445.84,OPEN
WO001356,P008-U012,2026-05-24,2026-05-25,LOW,20.9,796.14,RESOLVED
WO001357,P005-U011,2026-02-22,2026-03-03,MEDIUM,67.9,1248.73,RESOLVED
WO001358,P012-U019,2026-06-21,2026-06-29,LOW,31.6,822.72,RESOLVED
WO001359,P006-U011,2026-01-07,2026-01-16,HIGH,35.0,246.51,RESOLVED
WO001360,P006-U013,2026-01-21,2026-02-03,CRITICAL,74.0,201.63,RESOLVED
WO001361,P011-U001,2026-02-20,2026-03-03,MEDIUM,52.4,904.59,RESOLVED
WO001362,P003-U007,2026-01-12,2026-01-14,CRITICAL,34.3,1082.45,RESOLVED
WO001363,P007-U005,2026-02-28,2026-03-06,MEDIUM,89.5,420.83,RESOLVED
WO001365,P012-U008,2026-06-21,2026-06-22,CRITICAL,12.2,439.15,RESOLVED
WO001366,P007-U008,2026-02-21,2026-03-04,HIGH,29.6,1164.23,RESOLVED
WO001367,P009-U005,2026-06-12,,CRITICAL,,610.0,OPEN
WO001368,P009-U009,2026-04-15,2026-04-17,MEDIUM,15.7,951.88,RESOLVED
WO001369,P010-U019,2026-05-13,2026-05-21,HIGH,85.9,995.85,RESOLVED
WO001370,P005-U001,2026-06-19,2026-06-30,LOW,14.1,938.72,RESOLVED
WO001371,P011-U005,2026-02-17,2026-02-20,HIGH,22.6,289.27,RESOLVED
WO001372,P006-U004,2026-01-23,2026-01-28,LOW,7.9,61.74,RESOLVED
WO001373,P011-U020,2026-01-18,,LOW,,624.4,OPEN
WO001374,P001-U008,2026-06-01,,CRITICAL,,867.21,OPEN
WO001375,P006-U014,2026-05-24,2026-05-25,HIGH,24.4,357.22,RESOLVED
WO001376,P002-U020,2026-05-08,2026-05-20,LOW,37.9,813.15,RESOLVED
WO001377,P005-U015,2026-06-01,2026-06-02,CRITICAL,63.3,717.22,RESOLVED
WO001378,P005-U011,2026-06-09,,HIGH,,715.57,OPEN
WO001379,P002-U003,2026-06-14,2026-06-25,LOW,10.3,608.28,RESOLVED
WO001380,P001-U008,2026-04-02,2026-04-10,CRITICAL,80.2,1141.5,RESOLVED
WO001381,P010-U002,2026-06-04,2026-06-11,CRITICAL,34.0,821.04,RESOLVED
WO001382,P012-U020,2026-04-27,2026-05-05,MEDIUM,69.4,418.42,RESOLVED
WO001383,P012-U018,2026-06-03,2026-06-16,LOW,72.0,807.5,RESOLVED
WO001384,P010-U020,2026-03-23,2026-03-25,LOW,42.3,262.7,RESOLVED
WO001385,P006-U006,2026-03-19,2026-03-28,CRITICAL,80.6,25.72,RESOLVED
WO001386,P006-U006,2026-02-05,2026-02-19,CRITICAL,35.5,304.11,RESOLVED
WO001387,P006-U017,2026-02-24,,LOW,,161.53,OPEN
WO001388,P007-U020,2026-03-09,2026-03-18,CRITICAL,1.3,39.24,RESOLVED
WO001389,P002-U004,2026-04-04,2026-04-15,CRITICAL,27.6,973.64,RESOLVED
WO001390,P012-U020,2026-05-17,,CRITICAL,,565.52,OPEN
WO001391,P004-U020,2026-02-16,2026-02-28,HIGH,57.6,465.32,RESOLVED
WO001392,P008-U001,2026-06-22,2026-07-06,CRITICAL,70.8,566.63,RESOLVED
WO001393,P011-U003,2026-05-09,2026-05-16,MEDIUM,56.0,899.2,RESOLVED
WO001394,P012-U009,2026-03-16,2026-03-19,LOW,35.6,737.19,RESOLVED
WO001395,P012-U013,2026-05-03,2026-05-09,MEDIUM,30.2,599.42,RESOLVED
WO001396,P006-U005,2026-01-27,2026-02-08,HIGH,17.2,681.6,RESOLVED
WO001397,P009-U009,2026-02-07,2026-02-22,MEDIUM,91.4,294.43,RESOLVED
WO001398,P007-U020,2026-02-14,2026-02-27,CRITICAL,62.4,314.69,RESOLVED
WO001400,P006-U009,2026-06-12,,MEDIUM,,577.47,OPEN
WO001401,P010-U019,2026-03-17,2026-03-31,CRITICAL,32.6,794.07,RESOLVED
WO001402,P005-U017,2026-01-16,2026-01-19,CRITICAL,92.0,183.59,RESOLVED
WO001403,P012-U014,2026-03-04,2026-03-15,CRITICAL,35.9,395.71,RESOLVED
WO001404,P008-U005,2026-03-22,2026-03-31,MEDIUM,64.5,40.92,RESOLVED
WO001405,P001-U011,2026-05-28,2026-05-29,HIGH,4.9,527.78,RESOLVED
WO001406,P007-U010,2026-01-13,2026-01-23,MEDIUM,50.8,281.49,RESOLVED
WO001407,P008-U007,2026-05-02,2026-05-13,MEDIUM,15.2,693.0,RESOLVED
WO001408,P003-U015,2026-02-17,2026-03-04,CRITICAL,5.1,1239.99,RESOLVED
WO001409,P011-U001,2026-04-11,2026-04-15,CRITICAL,62.8,1069.45,RESOLVED
WO001410,P008-U011,2026-06-27,2026-07-03,CRITICAL,54.7,83.1,RESOLVED
WO001411,P001-U001,2026-05-18,2026-05-21,CRITICAL,70.6,54.4,RESOLVED
WO001412,P012-U010,2026-04-12,2026-04-15,HIGH,6.3,117.68,RESOLVED
WO001413,P006-U012,2026-01-01,2026-01-02,MEDIUM,95.8,974.88,RESOLVED
WO001414,P005-U011,2026-06-26,2026-06-27,MEDIUM,3.2,278.81,RESOLVED
WO001415,P011-U004,2026-02-01,2026-02-13,MEDIUM,17.6,449.5,RESOLVED
WO001416,P005-U002,2026-03-02,2026-03-03,MEDIUM,34.4,447.86,RESOLVED
WO001417,P010-U007,2026-06-07,2026-06-14,HIGH,10.8,597.92,RESOLVED
WO001418,P009-U010,2026-02-26,2026-03-13,CRITICAL,34.5,141.48,RESOLVED
WO001419,P008-U017,2026-04-28,2026-05-03,HIGH,39.0,242.17,RESOLVED
WO001420,P007-U016,2026-03-19,2026-03-22,LOW,22.7,371.24,RESOLVED
WO001421,P011-U008,2026-06-02,2026-06-04,HIGH,76.2,955.82,RESOLVED
WO001422,P010-U007,2026-03-15,2026-03-23,CRITICAL,40.6,147.73,RESOLVED
WO001423,P010-U005,2026-01-04,,HIGH,,479.01,OPEN
WO001424,P005-U001,2026-02-17,2026-02-19,CRITICAL,33.3,1020.54,RESOLVED
WO001425,P008-U001,2026-02-08,,LOW,,279.77,OPEN
WO001427,P011-U009,2026-03-04,2026-03-04,LOW,23.4,1027.11,RESOLVED
WO001428,P010-U019,2026-05-03,2026-05-12,HIGH,32.7,121.78,RESOLVED
WO001429,P009-U020,2026-01-15,2026-01-27,CRITICAL,64.8,1015.4,RESOLVED
WO001430,P001-U015,2026-05-22,2026-05-25,MEDIUM,30.3,179.13,RESOLVED
WO001431,P012-U019,2026-05-18,2026-05-21,MEDIUM,49.4,797.86,RESOLVED
WO001432,P011-U012,2026-01-16,2026-01-23,HIGH,87.6,682.56,RESOLVED
WO001433,P009-U001,2026-02-09,2026-02-18,MEDIUM,2.2,448.01,RESOLVED
WO001434,P011-U018,2026-03-18,2026-03-21,LOW,90.2,818.95,RESOLVED
WO001435,P009-U009,2026-04-24,2026-05-07,HIGH,28.3,559.9,RESOLVED
WO001436,P001-U020,2026-04-03,2026-04-16,CRITICAL,41.7,494.26,RESOLVED
WO001437,P005-U002,2026-06-26,2026-06-29,MEDIUM,52.7,945.58,RESOLVED
WO001438,P007-U018,2026-05-01,2026-05-02,CRITICAL,63.7,493.78,RESOLVED
WO001439,P012-U005,2026-02-15,2026-02-24,HIGH,30.2,975.65,RESOLVED
WO001440,P004-U020,2026-06-14,2026-06-16,CRITICAL,13.2,883.55,RESOLVED
WO001441,P003-U007,2026-06-27,2026-07-12,CRITICAL,40.0,102.75,RESOLVED
WO001442,P001-U010,2026-01-07,2026-01-15,MEDIUM,24.6,1056.66,RESOLVED
WO001443,P011-U001,2026-05-22,2026-05-24,HIGH,79.7,395.16,RESOLVED
WO001444,P008-U019,2026-03-21,2026-03-27,LOW,65.4,621.27,RESOLVED
WO001445,P006-U010,2026-03-21,2026-03-23,CRITICAL,75.4,1072.31,RESOLVED
WO001446,P002-U010,2026-03-11,2026-03-15,HIGH,91.0,510.11,RESOLVED
WO001447,P007-U005,2026-03-02,2026-03-05,CRITICAL,48.4,623.71,RESOLVED
WO001448,P001-U017,2026-01-04,2026-01-13,CRITICAL,52.8,81.11,RESOLVED
WO001449,P005-U009,2026-03-26,2026-04-01,CRITICAL,84.6,729.45,RESOLVED
WO001450,P003-U008,2026-05-10,2026-05-17,MEDIUM,38.6,144.82,RESOLVED
WO001451,P004-U009,2026-02-10,,CRITICAL,,455.47,OPEN
WO001452,P008-U019,2026-03-05,2026-03-17,CRITICAL,28.8,972.14,RESOLVED
WO001453,P011-U002,2026-04-22,2026-04-23,HIGH,28.0,1183.91,RESOLVED
WO001454,P008-U014,2026-01-14,2026-01-17,HIGH,34.7,393.73,RESOLVED
WO001455,P002-U011,2026-03-21,2026-03-23,CRITICAL,83.5,903.07,RESOLVED
WO001456,P007-U002,2026-02-22,2026-03-04,CRITICAL,40.7,1149.64,RESOLVED
WO001457,P003-U010,2026-06-05,2026-06-15,CRITICAL,72.1,1040.69,RESOLVED
WO001458,P006-U006,2026-04-21,2026-04-30,MEDIUM,45.5,712.01,RESOLVED
WO001459,P001-U010,2026-06-07,2026-06-12,HIGH,22.3,510.69,RESOLVED
WO001460,P003-U020,2026-03-04,2026-03-09,HIGH,66.8,819.73,RESOLVED
WO001461,P003-U018,2026-04-08,2026-04-10,CRITICAL,91.9,376.15,RESOLVED
WO001462,P002-U001,2026-02-06,2026-02-16,LOW,39.3,1118.03,RESOLVED
WO001463,P009-U014,2026-03-26,2026-04-08,MEDIUM,41.4,325.0,RESOLVED
WO001464,P006-U020,2026-01-01,2026-01-11,MEDIUM,17.6,392.18,RESOLVED
WO001465,P007-U017,2026-06-25,2026-07-09,HIGH,52.9,1186.4,RESOLVED
WO001466,P009-U003,2026-01-04,2026-01-09,HIGH,34.4,308.68,RESOLVED
WO001467,P011-U016,2026-06-19,2026-06-20,MEDIUM,35.1,1150.32,RESOLVED
WO001468,P005-U002,2026-05-15,2026-05-24,CRITICAL,51.0,1034.72,RESOLVED
WO001469,P001-U008,2026-05-28,2026-06-01,HIGH,68.9,180.5,RESOLVED
WO001470,P012-U005,2026-01-07,,LOW,,639.93,OPEN
WO001471,P009-U009,2026-05-19,2026-06-01,MEDIUM,10.7,970.51,RESOLVED
WO001472,P009-U011,2026-06-25,2026-07-06,HIGH,9.2,808.03,RESOLVED
WO001473,P005-U020,2026-06-23,2026-06-28,CRITICAL,2.9,913.32,RESOLVED
WO001474,P010-U010,2026-02-17,,MEDIUM,,815.59,OPEN
WO001475,P004-U001,2026-02-10,2026-02-15,LOW,29.4,932.51,RESOLVED
WO001476,P012-U005,2026-02-22,2026-03-07,LOW,14.9,1000.45,RESOLVED
WO001477,P010-U013,2026-02-03,,CRITICAL,,240.08,OPEN
WO001478,P012-U014,2026-01-02,2026-01-10,LOW,85.7,69.68,RESOLVED
WO001479,P005-U013,2026-02-11,2026-02-17,LOW,61.5,201.96,RESOLVED
WO001480,P001-U010,2026-05-14,,CRITICAL,,767.69,OPEN
WO001481,P005-U020,2026-04-02,2026-04-09,LOW,60.9,112.8,RESOLVED
WO001482,P011-U002,2026-03-17,2026-04-01,CRITICAL,46.2,397.26,RESOLVED
WO001483,P003-U011,2026-03-08,2026-03-12,LOW,63.9,165.57,RESOLVED
WO001484,P008-U007,2026-03-24,2026-04-08,MEDIUM,48.8,700.87,RESOLVED
WO001485,P009-U008,2026-01-14,2026-01-19,CRITICAL,5.6,1150.95,RESOLVED
WO001486,P005-U001,2026-02-05,,CRITICAL,,1231.31,OPEN
WO001487,P006-U008,2026-02-13,2026-02-28,LOW,84.5,98.92,RESOLVED
WO001488,P002-U010,2026-01-02,2026-01-04,LOW,25.0,666.82,RESOLVED
WO001489,P006-U016,2026-03-10,2026-03-21,LOW,60.7,1246.04,RESOLVED
WO001490,P010-U005,2026-04-01,2026-04-13,HIGH,65.7,251.38,RESOLVED
WO001491,P012-U017,2026-03-03,,CRITICAL,,949.45,OPEN
WO001492,P009-U004,2026-04-10,2026-04-22,LOW,79.2,322.1,RESOLVED
WO001493,P011-U004,2026-05-10,2026-05-15,CRITICAL,27.0,922.02,RESOLVED
WO001494,P004-U013,2026-03-19,2026-03-28,CRITICAL,30.8,655.39,RESOLVED
WO001495,P012-U008,2026-04-14,2026-04-27,LOW,22.7,1074.55,RESOLVED
WO001496,P010-U011,2026-02-15,,MEDIUM,,715.8,OPEN
WO001497,P006-U013,2026-02-19,2026-02-27,MEDIUM,24.2,801.14,RESOLVED
WO001498,P004-U017,2026-06-28,2026-07-06,LOW,80.4,588.21,RESOLVED
WO001499,P004-U019,2026-01-01,2026-01-14,HIGH,89.1,774.9,RESOLVED
WO001500,P004-U001,2026-06-22,2026-06-29,LOW,44.3,1162.87,RESOLVED
