work_order_id,unit_id,opened_date,closed_date,priority,response_hours,cost_usd,status,reason_code,run_id
WO000009,P008-U016,2026-02-27,2026-03-02,MEDIUM,69.7,153.97,RESOLVED,DUPLICATE_ID,2026-09-26T11:21:36.884342+00:00
WO000035,P999-U999,2026-04-08,,LOW,,82.75,OPEN,UNKNOWN_UNIT,2026-09-26T11:21:36.884342+00:00
WO000071,P001-U005,2026-01-04,2026-01-16,HIGH,35.8,393.8,RESOLVED,UNKNOWN_UNIT,2026-09-26T11:21:36.884342+00:00
WO000094,P001-U005,2026-06-01,2026-06-01,HIGH,52.0,965.55,RESOLVED,UNKNOWN_UNIT,2026-09-26T11:21:36.884342+00:00
WO000279,P001-U005,2026-06-23,2026-06-24,MEDIUM,78.4,514.39,RESOLVED,UNKNOWN_UNIT,2026-09-26T11:21:36.884342+00:00
WO000470,P001-U005,2026-01-17,2026-01-28,CRITICAL,23.9,422.12,RESOLVED,UNKNOWN_UNIT,2026-09-26T11:21:36.884342+00:00
WO000516,P001-U005,2026-06-02,2026-06-08,LOW,50.6,1143.8,RESOLVED,UNKNOWN_UNIT,2026-09-26T11:21:36.884342+00:00
WO000603,P001-U005,2026-03-04,2026-03-09,CRITICAL,56.0,201.89,RESOLVED,UNKNOWN_UNIT,2026-09-26T11:21:36.884342+00:00
WO001364,P001-U005,2026-03-24,2026-03-30,HIGH,89.4,312.22,RESOLVED,UNKNOWN_UNIT,2026-09-26T11:21:36.884342+00:00
WO001399,P001-U005,2026-03-06,2026-03-18,MEDIUM,50.9,917.91,RESOLVED,UNKNOWN_UNIT,2026-09-26T11:21:36.884342+00:00
WO001426,P001-U005,2026-06-19,2026-06-28,LOW,59.8,1113.51,RESOLVED,UNKNOWN_UNIT,2026-09-26T11:21:36.884342+00:00
WO000009,P008-U016,2026-02-27,2026-03-02,MEDIUM,69.7,153.97,RESOLVED,DUPLICATE_ID,2026-09-26T11:21:36.884342+00:00
