reading_id,unit_id,reading_month,energy_kwh
R000001,P001-U001,2026-01-01,631.99
R000002,P001-U001,2026-02-01,1237.66
R000003,P001-U001,2026-03-01,1024.61
R000004,P001-U001,2026-04-01,942.58
R000005,P001-U001,2026-05-01,1077.28
R000006,P001-U001,2026-06-01,336.82
R000007,P001-U002,2026-01-01,1174.95
R000008,P001-U002,2026-02-01,123.4
R000009,P001-U002,2026-03-01,285.23
R000010,P001-U002,2026-04-01,457.16
R000011,P001-U002,2026-05-01,375.36
R000012,P001-U002,2026-06-01,102.71
R000013,P001-U003,2026-01-01,810.46
R000014,P001-U003,2026-02-01,752.74
R000015,P001-U003,2026-03-01,283.93
R000016,P001-U003,2026-04-01,842.82
R000017,P001-U003,2026-05-01,1088.86
R000018,P001-U003,2026-06-01,-45
R000019,P001-U004,2026-01-01,1235.16
R000020,P001-U004,2026-02-01,912.28
R000021,P001-U004,2026-03-01,692.0
R000022,P001-U004,2026-04-01,432.7
R000023,P001-U004,2026-05-01,545.06
R000024,P001-U004,2026-06-01,743.36
R000025,P001-U005,2026-01-01,625.48
R000026,P001-U005,2026-02-01,275.99
R000027,P001-U005,2026-03-01,947.82
R000028,P001-U005,2026-04-01,551.22
R000029,P001-U005,2026-05-01,1089.05
R000030,P001-U005,2026-06-01,258.96
R000031,P001-U006,2026-01-01,194.47
R000032,P001-U006,2026-02-01,978.2
R000033,P001-U006,2026-03-01,919.96
R000034,P001-U006,2026-04-01,566.75
R000035,P999-U999,2026-05-01,1205.75
R000036,P001-U006,2026-06-01,561.86
R000037,P001-U007,2026-01-01,189.05
R000038,P001-U007,2026-02-01,913.6
R000039,P001-U007,2026-03-01,390.44
R000040,P001-U007,2026-04-01,1078.24
R000041,P001-U007,2026-05-01,1245.23
R000042,P001-U007,2026-06-01,197.77
R000043,P001-U008,2026-01-01,1221.13
R000044,P001-U008,2026-02-01,859.52
R000045,P001-U008,2026-03-01,348.39
R000046,P001-U008,2026-04-01,426.39
R000047,P001-U008,2026-05-01,123.08
R000048,P001-U008,2026-06-01,645.35
R000049,P001-U009,2026-01-01,810.06
R000050,P001-U009,2026-02-01,922.02
R000051,P001-U009,2026-03-01,885.35
R000052,P001-U009,2026-04-01,881.6
R000053,P001-U009,2026-05-01,217.39
R000054,P001-U009,2026-06-01,1203.65
R000055,P001-U010,2026-01-01,189.85
R000056,P001-U010,2026-02-01,1041.57
R000057,P001-U010,2026-03-01,1140.44
R000058,P001-U010,2026-04-01,679.47
R000059,P001-U010,2026-05-01,1191.34
R000060,P001-U010,2026-06-01,596.1
R000061,P001-U011,2026-01-01,871.24
R000062,P001-U011,2026-02-01,827.25
R000063,P001-U011,2026-03-01,555.95
R000064,P001-U011,2026-04-01,1085.76
R000065,P001-U011,2026-05-01,557.07
R000066,P001-U011,2026-06-01,733.19
R000067,P001-U012,2026-01-01,647.32
R000068,P001-U012,2026-02-01,973.81
R000069,P001-U012,2026-03-01,921.42
R000070,P001-U012,2026-04-01,823.65
R000071,P001-U012,2026-05-01,1205.42
R000072,P001-U012,2026-06-01,628.46
R000073,P001-U013,2026-01-01,1092.96
R000074,P001-U013,2026-02-01,976.35
R000075,P001-U013,2026-03-01,850.73
R000076,P001-U013,2026-04-01,352.28
R000077,P001-U013,2026-05-01,447.71
R000078,P001-U013,2026-06-01,387.55
R000079,P001-U014,2026-01-01,1123.27
R000080,P001-U014,2026-02-01,717.52
R000081,P001-U014,2026-03-01,474.55
R000082,P001-U014,2026-04-01,920.63
R000083,P001-U014,2026-05-01,522.52
R000084,P001-U014,2026-06-01,765.15
R000085,P001-U015,2026-01-01,457.7
R000086,P001-U015,2026-02-01,265.38
R000087,P001-U015,2026-03-01,545.74
R000088,P001-U015,2026-04-01,1210.53
R000089,P001-U015,2026-05-01,361.78
R000090,P001-U015,2026-06-01,877.1
R000091,P001-U016,2026-01-01,232.7
R000092,P001-U016,2026-02-01,838.45
R000093,P001-U016,2026-03-01,233.26
R000094,P001-U016,2026-04-01,1017.6
R000095,P001-U016,2026-05-01,372.49
R000096,P001-U016,2026-06-01,307.53
R000097,P001-U017,2026-01-01,423.34
R000098,P001-U017,2026-02-01,351.9
R000099,P001-U017,2026-03-01,581.29
R000100,P001-U017,2026-04-01,495.99
R000101,P001-U017,2026-05-01,206.63
R000102,P001-U017,2026-06-01,1187.41
R000103,P001-U018,2026-01-01,1124.59
R000104,P001-U018,2026-02-01,1063.03
R000105,P001-U018,2026-03-01,182.27
R000106,P001-U018,2026-04-01,906.91
R000107,P001-U018,2026-05-01,788.48
R000108,P001-U018,2026-06-01,185.36
R000109,P001-U019,2026-01-01,610.67
R000110,P001-U019,2026-02-01,578.72
R000111,P001-U019,2026-03-01,879.89
R000112,P001-U019,2026-04-01,793.07
R000113,P001-U019,2026-05-01,628.17
R000114,P001-U019,2026-06-01,655.0
R000115,P001-U020,2026-01-01,760.21
R000116,P001-U020,2026-02-01,820.13
R000117,P001-U020,2026-03-01,682.21
R000118,P001-U020,2026-04-01,462.07
R000119,P001-U020,2026-05-01,1160.71
R000120,P001-U020,2026-06-01,203.32
R000121,P002-U001,2026-01-01,810.98
R000122,P002-U001,2026-02-01,1212.32
R000123,P002-U001,2026-03-01,795.49
R000124,P002-U001,2026-04-01,464.78
R000125,P002-U001,2026-05-01,991.93
R000126,P002-U001,2026-06-01,273.06
R000127,P002-U002,2026-01-01,1247.51
R000128,P002-U002,2026-02-01,121.04
R000129,P002-U002,2026-03-01,1184.18
R000130,P002-U002,2026-04-01,376.55
R000131,P002-U002,2026-05-01,770.68
R000132,P002-U002,2026-06-01,129.2
R000133,P002-U003,2026-01-01,597.08
R000134,P002-U003,2026-02-01,773.79
R000135,P002-U003,2026-03-01,384.24
R000136,P002-U003,2026-04-01,1160.45
R000137,P002-U003,2026-05-01,1005.68
R000138,P002-U003,2026-06-01,1046.68
R000139,P002-U004,2026-01-01,601.44
R000140,P002-U004,2026-02-01,1104.09
R000141,P002-U004,2026-03-01,617.13
R000142,P002-U004,2026-04-01,1090.65
R000143,P002-U004,2026-05-01,507.67
R000144,P002-U004,2026-06-01,804.43
R000145,P002-U005,2026-01-01,303.02
R000146,P002-U005,2026-02-01,505.6
R000147,P002-U005,2026-03-01,976.8
R000148,P002-U005,2026-04-01,616.47
R000149,P002-U005,2026-05-01,199.49
R000150,P002-U005,2026-06-01,116.14
R000151,P002-U006,2026-01-01,325.18
R000152,P002-U006,2026-02-01,609.65
R000153,P002-U006,2026-03-01,185.04
R000154,P002-U006,2026-04-01,114.8
R000155,P002-U006,2026-05-01,1072.58
R000156,P002-U006,2026-06-01,1040.12
R000157,P002-U007,2026-01-01,1091.45
R000158,P002-U007,2026-02-01,284.08
R000159,P002-U007,2026-03-01,1005.18
R000160,P002-U007,2026-04-01,719.5
R000161,P002-U007,2026-05-01,441.56
R000162,P002-U007,2026-06-01,398.83
R000163,P002-U008,2026-01-01,618.07
R000164,P002-U008,2026-02-01,1248.95
R000165,P002-U008,2026-03-01,397.85
R000166,P002-U008,2026-04-01,646.23
R000167,P002-U008,2026-05-01,360.57
R000168,P002-U008,2026-06-01,1115.75
R000169,P002-U009,2026-01-01,415.95
R000170,P002-U009,2026-02-01,149.88
R000171,P002-U009,2026-03-01,321.89
R000172,P002-U009,2026-04-01,453.69
R000173,P002-U009,2026-05-01,258.61
R000174,P002-U009,2026-06-01,1230.79
R000175,P002-U010,2026-01-01,492.43
R000176,P002-U010,2026-02-01,1162.37
R000177,P002-U010,2026-03-01,1014.18
R000178,P002-U010,2026-04-01,359.91
R000179,P002-U010,2026-05-01,333.24
R000180,P002-U010,2026-06-01,632.02
R000181,P002-U011,2026-01-01,394.23
R000182,P002-U011,2026-02-01,351.21
R000183,P002-U011,2026-03-01,928.52
R000184,P002-U011,2026-04-01,193.34
R000185,P002-U011,2026-05-01,534.76
R000186,P002-U011,2026-06-01,542.36
R000187,P002-U012,2026-01-01,320.95
R000188,P002-U012,2026-02-01,1059.81
R000189,P002-U012,2026-03-01,1057.15
R000190,P002-U012,2026-04-01,594.61
R000191,P002-U012,2026-05-01,1225.23
R000192,P002-U012,2026-06-01,629.27
R000193,P002-U013,2026-01-01,559.12
R000194,P002-U013,2026-02-01,1192.03
R000195,P002-U013,2026-03-01,512.97
R000196,P002-U013,2026-04-01,503.58
R000197,P002-U013,2026-05-01,1146.33
R000198,P002-U013,2026-06-01,624.07
R000199,P002-U014,2026-01-01,277.41
R000200,P002-U014,2026-02-01,134.52
R000201,P002-U014,2026-03-01,251.12
R000202,P002-U014,2026-04-01,621.24
R000203,P002-U014,2026-05-01,774.91
R000204,P002-U014,2026-06-01,239.25
R000205,P002-U015,2026-01-01,855.53
R000206,P002-U015,2026-02-01,292.02
R000207,P002-U015,2026-03-01,1227.69
R000208,P002-U015,2026-04-01,898.83
R000209,P002-U015,2026-05-01,1243.1
R000210,P002-U015,2026-06-01,926.85
R000211,P002-U016,2026-01-01,602.83
R000212,P002-U016,2026-02-01,1168.31
R000213,P002-U016,2026-03-01,677.96
R000214,P002-U016,2026-04-01,1099.72
R000215,P002-U016,2026-05-01,952.86
R000216,P002-U016,2026-06-01,539.02
R000217,P002-U017,2026-01-01,655.73
R000218,P002-U017,2026-02-01,222.41
R000219,P002-U017,2026-03-01,645.49
R000220,P002-U017,2026-04-01,1061.58
R000221,P002-U017,2026-05-01,1234.35
R000222,P002-U017,2026-06-01,716.46
R000223,P002-U018,2026-01-01,444.66
R000224,P002-U018,2026-02-01,343.69
R000225,P002-U018,2026-03-01,1189.18
R000226,P002-U018,2026-04-01,337.89
R000227,P002-U018,2026-05-01,484.61
R000228,P002-U018,2026-06-01,1036.3
R000229,P002-U019,2026-01-01,977.73
R000230,P002-U019,2026-02-01,851.67
R000231,P002-U019,2026-03-01,451.37
R000232,P002-U019,2026-04-01,335.82
R000233,P002-U019,2026-05-01,1026.22
R000234,P002-U019,2026-06-01,814.76
R000235,P002-U020,2026-01-01,677.1
R000236,P002-U020,2026-02-01,215.83
R000237,P002-U020,2026-03-01,224.45
R000238,P002-U020,2026-04-01,1070.35
R000239,P002-U020,2026-05-01,950.25
R000240,P002-U020,2026-06-01,1242.49
R000241,P003-U001,2026-01-01,394.72
R000242,P003-U001,2026-02-01,1060.23
R000243,P003-U001,2026-03-01,700.51
R000244,P003-U001,2026-04-01,118.93
R000245,P003-U001,2026-05-01,435.49
R000246,P003-U001,2026-06-01,752.95
R000247,P003-U002,2026-01-01,506.18
R000248,P003-U002,2026-02-01,754.55
R000249,P003-U002,2026-03-01,1210.06
R000250,P003-U002,2026-04-01,386.18
R000251,P003-U002,2026-05-01,215.8
R000252,P003-U002,2026-06-01,1172.23
R000253,P003-U003,2026-01-01,457.97
R000254,P003-U003,2026-02-01,603.25
R000255,P003-U003,2026-03-01,985.69
R000256,P003-U003,2026-04-01,202.28
R000257,P003-U003,2026-05-01,499.77
R000258,P003-U003,2026-06-01,1245.87
R000259,P003-U004,2026-01-01,984.4
R000260,P003-U004,2026-02-01,1217.2
R000261,P003-U004,2026-03-01,324.13
R000262,P003-U004,2026-04-01,371.31
R000263,P003-U004,2026-05-01,469.09
R000264,P003-U004,2026-06-01,1176.79
R000265,P003-U005,2026-01-01,1141.66
R000266,P003-U005,2026-02-01,805.15
R000267,P003-U005,2026-03-01,798.42
R000268,P003-U005,2026-04-01,262.79
R000269,P003-U005,2026-05-01,655.24
R000270,P003-U005,2026-06-01,696.76
R000271,P003-U006,2026-01-01,992.32
R000272,P003-U006,2026-02-01,574.43
R000273,P003-U006,2026-03-01,439.02
R000274,P003-U006,2026-04-01,1045.68
R000275,P003-U006,2026-05-01,626.09
R000276,P003-U006,2026-06-01,392.26
R000277,P003-U007,2026-01-01,1214.79
R000278,P003-U007,2026-02-01,302.77
R000279,P003-U007,2026-03-01,1249.38
R000280,P003-U007,2026-04-01,733.69
R000281,P003-U007,2026-05-01,1070.33
R000282,P003-U007,2026-06-01,208.72
R000283,P003-U008,2026-01-01,767.2
R000284,P003-U008,2026-02-01,225.92
R000285,P003-U008,2026-03-01,948.29
R000286,P003-U008,2026-04-01,454.56
R000287,P003-U008,2026-05-01,835.1
R000288,P003-U008,2026-06-01,158.01
R000289,P003-U009,2026-01-01,862.44
R000290,P003-U009,2026-02-01,565.42
R000291,P003-U009,2026-03-01,134.92
R000292,P003-U009,2026-04-01,869.83
R000293,P003-U009,2026-05-01,889.62
R000294,P003-U009,2026-06-01,554.44
R000295,P003-U010,2026-01-01,474.07
R000296,P003-U010,2026-02-01,206.08
R000297,P003-U010,2026-03-01,773.99
R000298,P003-U010,2026-04-01,243.95
R000299,P003-U010,2026-05-01,652.22
R000300,P003-U010,2026-06-01,575.56
R000301,P003-U011,2026-01-01,981.29
R000302,P003-U011,2026-02-01,957.05
R000303,P003-U011,2026-03-01,268.8
R000304,P003-U011,2026-04-01,140.83
R000305,P003-U011,2026-05-01,413.05
R000306,P003-U011,2026-06-01,219.34
R000307,P003-U012,2026-01-01,367.47
R000308,P003-U012,2026-02-01,662.61
R000309,P003-U012,2026-03-01,494.63
R000310,P003-U012,2026-04-01,1216.59
R000311,P003-U012,2026-05-01,185.69
R000312,P003-U012,2026-06-01,238.74
R000313,P003-U013,2026-01-01,357.91
R000314,P003-U013,2026-02-01,480.52
R000315,P003-U013,2026-03-01,925.97
R000316,P003-U013,2026-04-01,626.17
R000317,P003-U013,2026-05-01,190.62
R000318,P003-U013,2026-06-01,411.03
R000319,P003-U014,2026-01-01,1204.75
R000320,P003-U014,2026-02-01,708.83
R000321,P003-U014,2026-03-01,461.66
R000322,P003-U014,2026-04-01,819.45
R000323,P003-U014,2026-05-01,679.23
R000324,P003-U014,2026-06-01,816.22
R000325,P003-U015,2026-01-01,125.64
R000326,P003-U015,2026-02-01,885.65
R000327,P003-U015,2026-03-01,246.64
R000328,P003-U015,2026-04-01,714.24
R000329,P003-U015,2026-05-01,674.35
R000330,P003-U015,2026-06-01,541.79
R000331,P003-U016,2026-01-01,490.58
R000332,P003-U016,2026-02-01,471.43
R000333,P003-U016,2026-03-01,690.8
R000334,P003-U016,2026-04-01,961.06
R000335,P003-U016,2026-05-01,674.56
R000336,P003-U016,2026-06-01,819.82
R000337,P003-U017,2026-01-01,631.15
R000338,P003-U017,2026-02-01,164.98
R000339,P003-U017,2026-03-01,1097.96
R000340,P003-U017,2026-04-01,346.46
R000341,P003-U017,2026-05-01,120.72
R000342,P003-U017,2026-06-01,829.6
R000343,P003-U018,2026-01-01,911.51
R000344,P003-U018,2026-02-01,596.93
R000345,P003-U018,2026-03-01,867.37
R000346,P003-U018,2026-04-01,418.37
R000347,P003-U018,2026-05-01,788.97
R000348,P003-U018,2026-06-01,346.8
R000349,P003-U019,2026-01-01,1215.83
R000350,P003-U019,2026-02-01,620.51
R000351,P003-U019,2026-03-01,960.74
R000352,P003-U019,2026-04-01,387.17
R000353,P003-U019,2026-05-01,1156.95
R000354,P003-U019,2026-06-01,1241.27
R000355,P003-U020,2026-01-01,774.91
R000356,P003-U020,2026-02-01,989.13
R000357,P003-U020,2026-03-01,273.48
R000358,P003-U020,2026-04-01,303.38
R000359,P003-U020,2026-05-01,149.32
R000360,P003-U020,2026-06-01,1212.39
R000361,P004-U001,2026-01-01,376.78
R000362,P004-U001,2026-02-01,1052.12
R000363,P004-U001,2026-03-01,1141.57
R000364,P004-U001,2026-04-01,880.46
R000365,P004-U001,2026-05-01,1222.36
R000366,P004-U001,2026-06-01,1239.94
R000367,P004-U002,2026-01-01,1069.97
R000368,P004-U002,2026-02-01,1039.89
R000369,P004-U002,2026-03-01,174.9
R000370,P004-U002,2026-04-01,957.63
R000371,P004-U002,2026-05-01,101.65
R000372,P004-U002,2026-06-01,877.82
R000373,P004-U003,2026-01-01,999.53
R000374,P004-U003,2026-02-01,614.36
R000375,P004-U003,2026-03-01,428.08
R000376,P004-U003,2026-04-01,145.96
R000377,P004-U003,2026-05-01,737.47
R000378,P004-U003,2026-06-01,848.48
R000379,P004-U004,2026-01-01,1049.3
R000380,P004-U004,2026-02-01,528.92
R000381,P004-U004,2026-03-01,804.46
R000382,P004-U004,2026-04-01,498.95
R000383,P004-U004,2026-05-01,444.49
R000384,P004-U004,2026-06-01,542.93
R000385,P004-U005,2026-01-01,240.17
R000386,P004-U005,2026-02-01,943.34
R000387,P004-U005,2026-03-01,1087.1
R000388,P004-U005,2026-04-01,1062.05
R000389,P004-U005,2026-05-01,1041.63
R000390,P004-U005,2026-06-01,263.21
R000391,P004-U006,2026-01-01,695.52
R000392,P004-U006,2026-02-01,499.18
R000393,P004-U006,2026-03-01,212.92
R000394,P004-U006,2026-04-01,1136.69
R000395,P004-U006,2026-05-01,370.79
R000396,P004-U006,2026-06-01,918.58
R000397,P004-U007,2026-01-01,984.33
R000398,P004-U007,2026-02-01,530.19
R000399,P004-U007,2026-03-01,631.97
R000400,P004-U007,2026-04-01,421.37
R000401,P004-U007,2026-05-01,485.77
R000402,P004-U007,2026-06-01,489.52
R000403,P004-U008,2026-01-01,790.63
R000404,P004-U008,2026-02-01,353.45
R000405,P004-U008,2026-03-01,446.52
R000406,P004-U008,2026-04-01,1172.69
R000407,P004-U008,2026-05-01,369.27
R000408,P004-U008,2026-06-01,330.17
R000409,P004-U009,2026-01-01,778.98
R000410,P004-U009,2026-02-01,724.47
R000411,P004-U009,2026-03-01,155.7
R000412,P004-U009,2026-04-01,224.71
R000413,P004-U009,2026-05-01,1122.81
R000414,P004-U009,2026-06-01,994.85
R000415,P004-U010,2026-01-01,666.06
R000416,P004-U010,2026-02-01,1219.0
R000417,P004-U010,2026-03-01,601.2
R000418,P004-U010,2026-04-01,706.22
R000419,P004-U010,2026-05-01,960.78
R000420,P004-U010,2026-06-01,910.92
R000421,P004-U011,2026-01-01,1228.84
R000422,P004-U011,2026-02-01,541.54
R000423,P004-U011,2026-03-01,1079.52
R000424,P004-U011,2026-04-01,1091.51
R000425,P004-U011,2026-05-01,316.4
R000426,P004-U011,2026-06-01,443.63
R000427,P004-U012,2026-01-01,729.96
R000428,P004-U012,2026-02-01,617.44
R000429,P004-U012,2026-03-01,758.97
R000430,P004-U012,2026-04-01,975.05
R000431,P004-U012,2026-05-01,931.53
R000432,P004-U012,2026-06-01,1209.21
R000433,P004-U013,2026-01-01,565.16
R000434,P004-U013,2026-02-01,699.73
R000435,P004-U013,2026-03-01,223.39
R000436,P004-U013,2026-04-01,931.83
R000437,P004-U013,2026-05-01,557.9
R000438,P004-U013,2026-06-01,469.08
R000439,P004-U014,2026-01-01,675.72
R000440,P004-U014,2026-02-01,1236.89
R000441,P004-U014,2026-03-01,1061.66
R000442,P004-U014,2026-04-01,654.45
R000443,P004-U014,2026-05-01,1140.3
R000444,P004-U014,2026-06-01,740.21
R000445,P004-U015,2026-01-01,843.89
R000446,P004-U015,2026-02-01,286.33
R000447,P004-U015,2026-03-01,981.76
R000448,P004-U015,2026-04-01,903.86
R000449,P004-U015,2026-05-01,938.84
R000450,P004-U015,2026-06-01,665.63
R000451,P004-U016,2026-01-01,577.47
R000452,P004-U016,2026-02-01,360.71
R000453,P004-U016,2026-03-01,331.6
R000454,P004-U016,2026-04-01,394.72
R000455,P004-U016,2026-05-01,703.55
R000456,P004-U016,2026-06-01,652.36
R000457,P004-U017,2026-01-01,595.58
R000458,P004-U017,2026-02-01,302.7
R000459,P004-U017,2026-03-01,437.45
R000460,P004-U017,2026-04-01,1064.0
R000461,P004-U017,2026-05-01,1085.12
R000462,P004-U017,2026-06-01,900.43
R000463,P004-U018,2026-01-01,1111.44
R000464,P004-U018,2026-02-01,570.5
R000465,P004-U018,2026-03-01,877.99
R000466,P004-U018,2026-04-01,833.74
R000467,P004-U018,2026-05-01,345.09
R000468,P004-U018,2026-06-01,708.42
R000469,P004-U019,2026-01-01,887.29
R000470,P004-U019,2026-02-01,532.89
R000471,P004-U019,2026-03-01,1231.18
R000472,P004-U019,2026-04-01,261.23
R000473,P004-U019,2026-05-01,1041.68
R000474,P004-U019,2026-06-01,441.51
R000475,P004-U020,2026-01-01,722.34
R000476,P004-U020,2026-02-01,1049.03
R000477,P004-U020,2026-03-01,185.68
R000478,P004-U020,2026-04-01,600.93
R000479,P004-U020,2026-05-01,457.02
R000480,P004-U020,2026-06-01,917.65
R000481,P005-U001,2026-01-01,394.61
R000482,P005-U001,2026-02-01,606.21
R000483,P005-U001,2026-03-01,774.23
R000484,P005-U001,2026-04-01,1163.99
R000485,P005-U001,2026-05-01,1180.52
R000486,P005-U001,2026-06-01,1212.52
R000487,P005-U002,2026-01-01,313.19
R000488,P005-U002,2026-02-01,1096.13
R000489,P005-U002,2026-03-01,1022.85
R000490,P005-U002,2026-04-01,1038.43
R000491,P005-U002,2026-05-01,905.66
R000492,P005-U002,2026-06-01,483.95
R000493,P005-U003,2026-01-01,1109.4
R000494,P005-U003,2026-02-01,1108.43
R000495,P005-U003,2026-03-01,780.69
R000496,P005-U003,2026-04-01,351.22
R000497,P005-U003,2026-05-01,339.85
R000498,P005-U003,2026-06-01,189.42
R000499,P005-U004,2026-01-01,1242.42
R000500,P005-U004,2026-02-01,467.51
R000501,P005-U004,2026-03-01,662.12
R000502,P005-U004,2026-04-01,660.2
R000503,P005-U004,2026-05-01,438.81
R000504,P005-U004,2026-06-01,911.29
R000505,P005-U005,2026-01-01,562.54
R000506,P005-U005,2026-02-01,294.56
R000507,P005-U005,2026-03-01,884.3
R000508,P005-U005,2026-04-01,926.56
R000509,P005-U005,2026-05-01,986.41
R000510,P005-U005,2026-06-01,122.37
R000511,P005-U006,2026-01-01,447.58
R000512,P005-U006,2026-02-01,659.88
R000513,P005-U006,2026-03-01,656.61
R000514,P005-U006,2026-04-01,188.02
R000515,P005-U006,2026-05-01,1061.09
R000516,P005-U006,2026-06-01,1078.43
R000517,P005-U007,2026-01-01,209.0
R000518,P005-U007,2026-02-01,1006.5
R000519,P005-U007,2026-03-01,506.4
R000520,P005-U007,2026-04-01,914.55
R000521,P005-U007,2026-05-01,1240.31
R000522,P005-U007,2026-06-01,1151.54
R000523,P005-U008,2026-01-01,458.41
R000524,P005-U008,2026-02-01,1150.75
R000525,P005-U008,2026-03-01,494.69
R000526,P005-U008,2026-04-01,883.55
R000527,P005-U008,2026-05-01,425.76
R000528,P005-U008,2026-06-01,1006.3
R000529,P005-U009,2026-01-01,1202.16
R000530,P005-U009,2026-02-01,883.18
R000531,P005-U009,2026-03-01,1188.1
R000532,P005-U009,2026-04-01,534.01
R000533,P005-U009,2026-05-01,1125.03
R000534,P005-U009,2026-06-01,1128.13
R000535,P005-U010,2026-01-01,1012.75
R000536,P005-U010,2026-02-01,295.73
R000537,P005-U010,2026-03-01,827.41
R000538,P005-U010,2026-04-01,1061.67
R000539,P005-U010,2026-05-01,426.36
R000540,P005-U010,2026-06-01,267.56
R000541,P005-U011,2026-01-01,528.89
R000542,P005-U011,2026-02-01,966.27
R000543,P005-U011,2026-03-01,414.96
R000544,P005-U011,2026-04-01,647.08
R000545,P005-U011,2026-05-01,419.0
R000546,P005-U011,2026-06-01,727.4
R000547,P005-U012,2026-01-01,638.35
R000548,P005-U012,2026-02-01,1029.14
R000549,P005-U012,2026-03-01,258.06
R000550,P005-U012,2026-04-01,262.81
R000551,P005-U012,2026-05-01,513.12
R000552,P005-U012,2026-06-01,710.67
R000553,P005-U013,2026-01-01,430.9
R000554,P005-U013,2026-02-01,976.51
R000555,P005-U013,2026-03-01,365.2
R000556,P005-U013,2026-04-01,726.72
R000557,P005-U013,2026-05-01,1021.84
R000558,P005-U013,2026-06-01,503.6
R000559,P005-U014,2026-01-01,297.15
R000560,P005-U014,2026-02-01,1102.32
R000561,P005-U014,2026-03-01,1055.33
R000562,P005-U014,2026-04-01,819.64
R000563,P005-U014,2026-05-01,1018.95
R000564,P005-U014,2026-06-01,587.81
R000565,P005-U015,2026-01-01,507.59
R000566,P005-U015,2026-02-01,208.29
R000567,P005-U015,2026-03-01,833.62
R000568,P005-U015,2026-04-01,565.77
R000569,P005-U015,2026-05-01,459.96
R000570,P005-U015,2026-06-01,956.89
R000571,P005-U016,2026-01-01,1124.45
R000572,P005-U016,2026-02-01,328.48
R000573,P005-U016,2026-03-01,554.9
R000574,P005-U016,2026-04-01,654.7
R000575,P005-U016,2026-05-01,693.48
R000576,P005-U016,2026-06-01,998.54
R000577,P005-U017,2026-01-01,1113.29
R000578,P005-U017,2026-02-01,520.68
R000579,P005-U017,2026-03-01,1122.89
R000580,P005-U017,2026-04-01,1186.7
R000581,P005-U017,2026-05-01,1142.98
R000582,P005-U017,2026-06-01,1069.48
R000583,P005-U018,2026-01-01,577.09
R000584,P005-U018,2026-02-01,552.14
R000585,P005-U018,2026-03-01,1211.06
R000586,P005-U018,2026-04-01,231.44
R000587,P005-U018,2026-05-01,935.19
R000588,P005-U018,2026-06-01,881.4
R000589,P005-U019,2026-01-01,311.59
R000590,P005-U019,2026-02-01,421.99
R000591,P005-U019,2026-03-01,553.42
R000592,P005-U019,2026-04-01,637.3
R000593,P005-U019,2026-05-01,806.7
R000594,P005-U019,2026-06-01,1097.25
R000595,P005-U020,2026-01-01,793.35
R000596,P005-U020,2026-02-01,385.1
R000597,P005-U020,2026-03-01,1156.0
R000598,P005-U020,2026-04-01,1164.39
R000599,P005-U020,2026-05-01,864.12
R000600,P005-U020,2026-06-01,552.41
R000601,P006-U001,2026-01-01,104.95
R000602,P006-U001,2026-02-01,1235.16
R000603,P006-U001,2026-03-01,999.02
R000604,P006-U001,2026-04-01,1028.24
R000605,P006-U001,2026-05-01,104.08
R000606,P006-U001,2026-06-01,1238.11
R000607,P006-U002,2026-01-01,1141.69
R000608,P006-U002,2026-02-01,191.09
R000609,P006-U002,2026-03-01,1207.15
R000610,P006-U002,2026-04-01,745.66
R000611,P006-U002,2026-05-01,354.77
R000612,P006-U002,2026-06-01,672.34
R000613,P006-U003,2026-01-01,417.39
R000614,P006-U003,2026-02-01,933.78
R000615,P006-U003,2026-03-01,1248.44
R000616,P006-U003,2026-04-01,429.95
R000617,P006-U003,2026-05-01,765.2
R000618,P006-U003,2026-06-01,277.6
R000619,P006-U004,2026-01-01,163.45
R000620,P006-U004,2026-02-01,329.24
R000621,P006-U004,2026-03-01,368.07
R000622,P006-U004,2026-04-01,594.07
R000623,P006-U004,2026-05-01,881.99
R000624,P006-U004,2026-06-01,1014.53
R000625,P006-U005,2026-01-01,938.65
R000626,P006-U005,2026-02-01,925.67
R000627,P006-U005,2026-03-01,861.47
R000628,P006-U005,2026-04-01,636.48
R000629,P006-U005,2026-05-01,823.28
R000630,P006-U005,2026-06-01,353.98
R000631,P006-U006,2026-01-01,1086.86
R000632,P006-U006,2026-02-01,900.27
R000633,P006-U006,2026-03-01,1235.48
R000634,P006-U006,2026-04-01,506.59
R000635,P006-U006,2026-05-01,992.14
R000636,P006-U006,2026-06-01,190.62
R000637,P006-U007,2026-01-01,1083.8
R000638,P006-U007,2026-02-01,167.84
R000639,P006-U007,2026-03-01,631.94
R000640,P006-U007,2026-04-01,757.21
R000641,P006-U007,2026-05-01,803.92
R000642,P006-U007,2026-06-01,560.68
R000643,P006-U008,2026-01-01,490.03
R000644,P006-U008,2026-02-01,422.32
R000645,P006-U008,2026-03-01,491.86
R000646,P006-U008,2026-04-01,905.15
R000647,P006-U008,2026-05-01,1199.08
R000648,P006-U008,2026-06-01,422.47
R000649,P006-U009,2026-01-01,419.23
R000650,P006-U009,2026-02-01,856.37
R000651,P006-U009,2026-03-01,236.7
R000652,P006-U009,2026-04-01,802.32
R000653,P006-U009,2026-05-01,1027.89
R000654,P006-U009,2026-06-01,747.46
R000655,P006-U010,2026-01-01,677.83
R000656,P006-U010,2026-02-01,762.19
R000657,P006-U010,2026-03-01,1248.33
R000658,P006-U010,2026-04-01,547.85
R000659,P006-U010,2026-05-01,592.48
R000660,P006-U010,2026-06-01,257.85
R000661,P006-U011,2026-01-01,419.35
R000662,P006-U011,2026-02-01,663.18
R000663,P006-U011,2026-03-01,587.97
R000664,P006-U011,2026-04-01,999.68
R000665,P006-U011,2026-05-01,276.92
R000666,P006-U011,2026-06-01,628.95
R000667,P006-U012,2026-01-01,363.57
R000668,P006-U012,2026-02-01,866.81
R000669,P006-U012,2026-03-01,273.49
R000670,P006-U012,2026-04-01,393.99
R000671,P006-U012,2026-05-01,1059.32
R000672,P006-U012,2026-06-01,117.9
R000673,P006-U013,2026-01-01,346.27
R000674,P006-U013,2026-02-01,1181.93
R000675,P006-U013,2026-03-01,475.74
R000676,P006-U013,2026-04-01,347.3
R000677,P006-U013,2026-05-01,806.33
R000678,P006-U013,2026-06-01,575.07
R000679,P006-U014,2026-01-01,704.73
R000680,P006-U014,2026-02-01,371.49
R000681,P006-U014,2026-03-01,905.17
R000682,P006-U014,2026-04-01,978.5
R000683,P006-U014,2026-05-01,909.65
R000684,P006-U014,2026-06-01,380.25
R000685,P006-U015,2026-01-01,225.39
R000686,P006-U015,2026-02-01,639.32
R000687,P006-U015,2026-03-01,813.31
R000688,P006-U015,2026-04-01,1181.01
R000689,P006-U015,2026-05-01,742.28
R000690,P006-U015,2026-06-01,317.16
R000691,P006-U016,2026-01-01,840.29
R000692,P006-U016,2026-02-01,1176.84
R000693,P006-U016,2026-03-01,324.88
R000694,P006-U016,2026-04-01,340.06
R000695,P006-U016,2026-05-01,257.93
R000696,P006-U016,2026-06-01,854.51
R000697,P006-U017,2026-01-01,687.08
R000698,P006-U017,2026-02-01,158.8
R000699,P006-U017,2026-03-01,983.81
R000700,P006-U017,2026-04-01,282.22
R000701,P006-U017,2026-05-01,1128.59
R000702,P006-U017,2026-06-01,1180.01
R000703,P006-U018,2026-01-01,919.47
R000704,P006-U018,2026-02-01,1027.16
R000705,P006-U018,2026-03-01,497.43
R000706,P006-U018,2026-04-01,587.36
R000707,P006-U018,2026-05-01,102.85
R000708,P006-U018,2026-06-01,693.36
R000709,P006-U019,2026-01-01,228.17
R000710,P006-U019,2026-02-01,1228.41
R000711,P006-U019,2026-03-01,340.65
R000712,P006-U019,2026-04-01,1123.0
R000713,P006-U019,2026-05-01,366.21
R000714,P006-U019,2026-06-01,963.21
R000715,P006-U020,2026-01-01,1144.15
R000716,P006-U020,2026-02-01,101.62
R000717,P006-U020,2026-03-01,567.58
R000718,P006-U020,2026-04-01,1197.42
R000719,P006-U020,2026-05-01,380.59
R000720,P006-U020,2026-06-01,469.22
R000721,P007-U001,2026-01-01,555.0
R000722,P007-U001,2026-02-01,1076.56
R000723,P007-U001,2026-03-01,939.35
R000724,P007-U001,2026-04-01,961.26
R000725,P007-U001,2026-05-01,1201.45
R000726,P007-U001,2026-06-01,911.14
R000727,P007-U002,2026-01-01,146.04
R000728,P007-U002,2026-02-01,115.54
R000729,P007-U002,2026-03-01,215.75
R000730,P007-U002,2026-04-01,368.53
R000731,P007-U002,2026-05-01,1081.55
R000732,P007-U002,2026-06-01,1071.29
R000733,P007-U003,2026-01-01,1156.69
R000734,P007-U003,2026-02-01,351.41
R000735,P007-U003,2026-03-01,1157.57
R000736,P007-U003,2026-04-01,1061.97
R000737,P007-U003,2026-05-01,1085.41
R000738,P007-U003,2026-06-01,783.89
R000739,P007-U004,2026-01-01,611.75
R000740,P007-U004,2026-02-01,434.77
R000741,P007-U004,2026-03-01,1039.41
R000742,P007-U004,2026-04-01,250.52
R000743,P007-U004,2026-05-01,431.55
R000744,P007-U004,2026-06-01,1189.69
R000745,P007-U005,2026-01-01,286.15
R000746,P007-U005,2026-02-01,624.15
R000747,P007-U005,2026-03-01,1142.33
R000748,P007-U005,2026-04-01,854.22
R000749,P007-U005,2026-05-01,487.24
R000750,P007-U005,2026-06-01,790.52
R000751,P007-U006,2026-01-01,923.61
R000752,P007-U006,2026-02-01,489.92
R000753,P007-U006,2026-03-01,1123.24
R000754,P007-U006,2026-04-01,343.05
R000755,P007-U006,2026-05-01,565.59
R000756,P007-U006,2026-06-01,457.57
R000757,P007-U007,2026-01-01,776.16
R000758,P007-U007,2026-02-01,1107.54
R000759,P007-U007,2026-03-01,856.31
R000760,P007-U007,2026-04-01,938.72
R000761,P007-U007,2026-05-01,1104.23
R000762,P007-U007,2026-06-01,367.84
R000763,P007-U008,2026-01-01,1088.66
R000764,P007-U008,2026-02-01,981.99
R000765,P007-U008,2026-03-01,735.14
R000766,P007-U008,2026-04-01,643.11
R000767,P007-U008,2026-05-01,631.36
R000768,P007-U008,2026-06-01,941.27
R000769,P007-U009,2026-01-01,362.91
R000770,P007-U009,2026-02-01,643.14
R000771,P007-U009,2026-03-01,868.14
R000772,P007-U009,2026-04-01,324.7
R000773,P007-U009,2026-05-01,1213.95
R000774,P007-U009,2026-06-01,616.64
R000775,P007-U010,2026-01-01,1188.75
R000776,P007-U010,2026-02-01,1012.36
R000777,P007-U010,2026-03-01,531.73
R000778,P007-U010,2026-04-01,970.02
R000779,P007-U010,2026-05-01,621.99
R000780,P007-U010,2026-06-01,288.17
R000781,P007-U011,2026-01-01,1020.14
R000782,P007-U011,2026-02-01,768.67
R000783,P007-U011,2026-03-01,1069.74
R000784,P007-U011,2026-04-01,1157.86
R000785,P007-U011,2026-05-01,963.87
R000786,P007-U011,2026-06-01,431.6
R000787,P007-U012,2026-01-01,223.34
R000788,P007-U012,2026-02-01,146.44
R000789,P007-U012,2026-03-01,211.59
R000790,P007-U012,2026-04-01,823.61
R000791,P007-U012,2026-05-01,1083.88
R000792,P007-U012,2026-06-01,1026.97
R000793,P007-U013,2026-01-01,183.83
R000794,P007-U013,2026-02-01,837.17
R000795,P007-U013,2026-03-01,1199.57
R000796,P007-U013,2026-04-01,1140.31
R000797,P007-U013,2026-05-01,715.72
R000798,P007-U013,2026-06-01,850.98
R000799,P007-U014,2026-01-01,1212.51
R000800,P007-U014,2026-02-01,597.95
R000801,P007-U014,2026-03-01,918.53
R000802,P007-U014,2026-04-01,1053.03
R000803,P007-U014,2026-05-01,1109.27
R000804,P007-U014,2026-06-01,304.0
R000805,P007-U015,2026-01-01,738.85
R000806,P007-U015,2026-02-01,928.79
R000807,P007-U015,2026-03-01,551.12
R000808,P007-U015,2026-04-01,803.99
R000809,P007-U015,2026-05-01,757.19
R000810,P007-U015,2026-06-01,1004.7
R000811,P007-U016,2026-01-01,636.26
R000812,P007-U016,2026-02-01,1177.59
R000813,P007-U016,2026-03-01,1049.55
R000814,P007-U016,2026-04-01,152.01
R000815,P007-U016,2026-05-01,338.6
R000816,P007-U016,2026-06-01,896.0
R000817,P007-U017,2026-01-01,364.17
R000818,P007-U017,2026-02-01,1107.4
R000819,P007-U017,2026-03-01,133.53
R000820,P007-U017,2026-04-01,959.28
R000821,P007-U017,2026-05-01,872.72
R000822,P007-U017,2026-06-01,738.73
R000823,P007-U018,2026-01-01,461.11
R000824,P007-U018,2026-02-01,1060.6
R000825,P007-U018,2026-03-01,789.67
R000826,P007-U018,2026-04-01,1053.56
R000827,P007-U018,2026-05-01,632.24
R000828,P007-U018,2026-06-01,308.3
R000829,P007-U019,2026-01-01,965.29
R000830,P007-U019,2026-02-01,443.96
R000831,P007-U019,2026-03-01,707.6
R000832,P007-U019,2026-04-01,837.22
R000833,P007-U019,2026-05-01,141.63
R000834,P007-U019,2026-06-01,352.83
R000835,P007-U020,2026-01-01,225.24
R000836,P007-U020,2026-02-01,994.27
R000837,P007-U020,2026-03-01,428.31
R000838,P007-U020,2026-04-01,540.2
R000839,P007-U020,2026-05-01,566.63
R000840,P007-U020,2026-06-01,1172.02
R000841,P008-U001,2026-01-01,911.55
R000842,P008-U001,2026-02-01,151.94
R000843,P008-U001,2026-03-01,1189.4
R000844,P008-U001,2026-04-01,512.52
R000845,P008-U001,2026-05-01,196.69
R000846,P008-U001,2026-06-01,622.19
R000847,P008-U002,2026-01-01,739.62
R000848,P008-U002,2026-02-01,1178.39
R000849,P008-U002,2026-03-01,227.57
R000850,P008-U002,2026-04-01,461.64
R000851,P008-U002,2026-05-01,1226.28
R000852,P008-U002,2026-06-01,377.75
R000853,P008-U003,2026-01-01,336.3
R000854,P008-U003,2026-02-01,840.04
R000855,P008-U003,2026-03-01,564.87
R000856,P008-U003,2026-04-01,622.87
R000857,P008-U003,2026-05-01,813.23
R000858,P008-U003,2026-06-01,665.73
R000859,P008-U004,2026-01-01,616.15
R000860,P008-U004,2026-02-01,966.26
R000861,P008-U004,2026-03-01,163.0
R000862,P008-U004,2026-04-01,844.26
R000863,P008-U004,2026-05-01,981.32
R000864,P008-U004,2026-06-01,767.38
R000865,P008-U005,2026-01-01,1062.54
R000866,P008-U005,2026-02-01,980.72
R000867,P008-U005,2026-03-01,123.27
R000868,P008-U005,2026-04-01,1228.43
R000869,P008-U005,2026-05-01,940.91
R000870,P008-U005,2026-06-01,205.93
R000871,P008-U006,2026-01-01,276.94
R000872,P008-U006,2026-02-01,1068.83
R000873,P008-U006,2026-03-01,996.83
R000874,P008-U006,2026-04-01,500.86
R000875,P008-U006,2026-05-01,224.7
R000876,P008-U006,2026-06-01,393.99
R000877,P008-U007,2026-01-01,1126.95
R000878,P008-U007,2026-02-01,1074.82
R000879,P008-U007,2026-03-01,386.84
R000880,P008-U007,2026-04-01,307.43
R000881,P008-U007,2026-05-01,936.93
R000882,P008-U007,2026-06-01,554.41
R000883,P008-U008,2026-01-01,504.93
R000884,P008-U008,2026-02-01,429.35
R000885,P008-U008,2026-03-01,876.56
R000886,P008-U008,2026-04-01,1186.34
R000887,P008-U008,2026-05-01,1030.6
R000888,P008-U008,2026-06-01,393.17
R000889,P008-U009,2026-01-01,394.39
R000890,P008-U009,2026-02-01,915.06
R000891,P008-U009,2026-03-01,814.72
R000892,P008-U009,2026-04-01,521.38
R000893,P008-U009,2026-05-01,906.65
R000894,P008-U009,2026-06-01,598.12
R000895,P008-U010,2026-01-01,443.88
R000896,P008-U010,2026-02-01,380.97
R000897,P008-U010,2026-03-01,658.72
R000898,P008-U010,2026-04-01,1141.56
R000899,P008-U010,2026-05-01,473.76
R000900,P008-U010,2026-06-01,427.76
R000901,P008-U011,2026-01-01,239.04
R000902,P008-U011,2026-02-01,686.15
R000903,P008-U011,2026-03-01,736.67
R000904,P008-U011,2026-04-01,319.72
R000905,P008-U011,2026-05-01,165.15
R000906,P008-U011,2026-06-01,542.35
R000907,P008-U012,2026-01-01,777.02
R000908,P008-U012,2026-02-01,1055.73
R000909,P008-U012,2026-03-01,284.01
R000910,P008-U012,2026-04-01,181.46
R000911,P008-U012,2026-05-01,175.68
R000912,P008-U012,2026-06-01,1080.81
R000913,P008-U013,2026-01-01,127.1
R000914,P008-U013,2026-02-01,1106.72
R000915,P008-U013,2026-03-01,235.6
R000916,P008-U013,2026-04-01,100.47
R000917,P008-U013,2026-05-01,609.52
R000918,P008-U013,2026-06-01,231.27
R000919,P008-U014,2026-01-01,806.92
R000920,P008-U014,2026-02-01,1080.97
R000921,P008-U014,2026-03-01,316.4
R000922,P008-U014,2026-04-01,749.46
R000923,P008-U014,2026-05-01,992.92
R000924,P008-U014,2026-06-01,1103.7
R000925,P008-U015,2026-01-01,710.81
R000926,P008-U015,2026-02-01,625.84
R000927,P008-U015,2026-03-01,1038.97
R000928,P008-U015,2026-04-01,489.06
R000929,P008-U015,2026-05-01,1097.79
R000930,P008-U015,2026-06-01,530.16
R000931,P008-U016,2026-01-01,809.59
R000932,P008-U016,2026-02-01,1171.13
R000933,P008-U016,2026-03-01,268.22
R000934,P008-U016,2026-04-01,986.16
R000935,P008-U016,2026-05-01,494.67
R000936,P008-U016,2026-06-01,302.49
R000937,P008-U017,2026-01-01,205.14
R000938,P008-U017,2026-02-01,836.73
R000939,P008-U017,2026-03-01,275.88
R000940,P008-U017,2026-04-01,1075.38
R000941,P008-U017,2026-05-01,137.4
R000942,P008-U017,2026-06-01,939.93
R000943,P008-U018,2026-01-01,239.87
R000944,P008-U018,2026-02-01,320.26
R000945,P008-U018,2026-03-01,1073.39
R000946,P008-U018,2026-04-01,1023.58
R000947,P008-U018,2026-05-01,537.4
R000948,P008-U018,2026-06-01,835.64
R000949,P008-U019,2026-01-01,1150.04
R000950,P008-U019,2026-02-01,1161.96
R000951,P008-U019,2026-03-01,643.45
R000952,P008-U019,2026-04-01,122.05
R000953,P008-U019,2026-05-01,306.46
R000954,P008-U019,2026-06-01,548.38
R000955,P008-U020,2026-01-01,952.45
R000956,P008-U020,2026-02-01,859.83
R000957,P008-U020,2026-03-01,928.53
R000958,P008-U020,2026-04-01,951.73
R000959,P008-U020,2026-05-01,1200.89
R000960,P008-U020,2026-06-01,909.61
R000961,P009-U001,2026-01-01,666.77
R000962,P009-U001,2026-02-01,734.75
R000963,P009-U001,2026-03-01,673.46
R000964,P009-U001,2026-04-01,699.26
R000965,P009-U001,2026-05-01,366.73
R000966,P009-U001,2026-06-01,1051.72
R000967,P009-U002,2026-01-01,800.6
R000968,P009-U002,2026-02-01,714.82
R000969,P009-U002,2026-03-01,648.53
R000970,P009-U002,2026-04-01,1177.22
R000971,P009-U002,2026-05-01,350.07
R000972,P009-U002,2026-06-01,217.46
R000973,P009-U003,2026-01-01,738.17
R000974,P009-U003,2026-02-01,742.29
R000975,P009-U003,2026-03-01,207.75
R000976,P009-U003,2026-04-01,1191.29
R000977,P009-U003,2026-05-01,490.1
R000978,P009-U003,2026-06-01,985.98
R000979,P009-U004,2026-01-01,609.41
R000980,P009-U004,2026-02-01,231.98
R000981,P009-U004,2026-03-01,121.53
R000982,P009-U004,2026-04-01,1005.58
R000983,P009-U004,2026-05-01,164.28
R000984,P009-U004,2026-06-01,949.61
R000985,P009-U005,2026-01-01,822.32
R000986,P009-U005,2026-02-01,428.2
R000987,P009-U005,2026-03-01,839.97
R000988,P009-U005,2026-04-01,805.64
R000989,P009-U005,2026-05-01,246.36
R000990,P009-U005,2026-06-01,1050.29
R000991,P009-U006,2026-01-01,162.92
R000992,P009-U006,2026-02-01,1032.15
R000993,P009-U006,2026-03-01,1144.87
R000994,P009-U006,2026-04-01,286.23
R000995,P009-U006,2026-05-01,260.84
R000996,P009-U006,2026-06-01,1120.69
R000997,P009-U007,2026-01-01,603.23
R000998,P009-U007,2026-02-01,891.34
R000999,P009-U007,2026-03-01,759.29
R001000,P009-U007,2026-04-01,1206.07
R001001,P009-U007,2026-05-01,1194.37
R001002,P009-U007,2026-06-01,343.69
R001003,P009-U008,2026-01-01,221.58
R001004,P009-U008,2026-02-01,343.64
R001005,P009-U008,2026-03-01,1006.05
R001006,P009-U008,2026-04-01,364.1
R001007,P009-U008,2026-05-01,722.66
R001008,P009-U008,2026-06-01,345.03
R001009,P009-U009,2026-01-01,590.67
R001010,P009-U009,2026-02-01,111.04
R001011,P009-U009,2026-03-01,247.8
R001012,P009-U009,2026-04-01,372.24
R001013,P009-U009,2026-05-01,1148.02
R001014,P009-U009,2026-06-01,1047.29
R001015,P009-U010,2026-01-01,723.67
R001016,P009-U010,2026-02-01,302.1
R001017,P009-U010,2026-03-01,1142.68
R001018,P009-U010,2026-04-01,682.5
R001019,P009-U010,2026-05-01,423.34
R001020,P009-U010,2026-06-01,785.49
R001021,P009-U011,2026-01-01,894.4
R001022,P009-U011,2026-02-01,139.99
R001023,P009-U011,2026-03-01,208.63
R001024,P009-U011,2026-04-01,1082.45
R001025,P009-U011,2026-05-01,405.12
R001026,P009-U011,2026-06-01,800.6
R001027,P009-U012,2026-01-01,556.51
R001028,P009-U012,2026-02-01,711.07
R001029,P009-U012,2026-03-01,905.22
R001030,P009-U012,2026-04-01,855.31
R001031,P009-U012,2026-05-01,107.45
R001032,P009-U012,2026-06-01,547.13
R001033,P009-U013,2026-01-01,184.31
R001034,P009-U013,2026-02-01,238.66
R001035,P009-U013,2026-03-01,341.66
R001036,P009-U013,2026-04-01,822.07
R001037,P009-U013,2026-05-01,884.51
R001038,P009-U013,2026-06-01,1029.04
R001039,P009-U014,2026-01-01,1120.43
R001040,P009-U014,2026-02-01,394.68
R001041,P009-U014,2026-03-01,666.56
R001042,P009-U014,2026-04-01,509.21
R001043,P009-U014,2026-05-01,308.09
R001044,P009-U014,2026-06-01,1242.48
R001045,P009-U015,2026-01-01,786.96
R001046,P009-U015,2026-02-01,1004.79
R001047,P009-U015,2026-03-01,782.85
R001048,P009-U015,2026-04-01,824.93
R001049,P009-U015,2026-05-01,479.53
R001050,P009-U015,2026-06-01,1001.1
R001051,P009-U016,2026-01-01,929.19
R001052,P009-U016,2026-02-01,762.43
R001053,P009-U016,2026-03-01,987.96
R001054,P009-U016,2026-04-01,966.01
R001055,P009-U016,2026-05-01,642.11
R001056,P009-U016,2026-06-01,318.68
R001057,P009-U017,2026-01-01,328.6
R001058,P009-U017,2026-02-01,895.74
R001059,P009-U017,2026-03-01,867.42
R001060,P009-U017,2026-04-01,931.57
R001061,P009-U017,2026-05-01,1229.26
R001062,P009-U017,2026-06-01,1241.84
R001063,P009-U018,2026-01-01,657.91
R001064,P009-U018,2026-02-01,933.23
R001065,P009-U018,2026-03-01,513.74
R001066,P009-U018,2026-04-01,696.65
R001067,P009-U018,2026-05-01,146.23
R001068,P009-U018,2026-06-01,756.82
R001069,P009-U019,2026-01-01,1004.8
R001070,P009-U019,2026-02-01,933.72
R001071,P009-U019,2026-03-01,231.99
R001072,P009-U019,2026-04-01,490.07
R001073,P009-U019,2026-05-01,1032.64
R001074,P009-U019,2026-06-01,771.81
R001075,P009-U020,2026-01-01,794.72
R001076,P009-U020,2026-02-01,714.8
R001077,P009-U020,2026-03-01,631.24
R001078,P009-U020,2026-04-01,1001.71
R001079,P009-U020,2026-05-01,853.46
R001080,P009-U020,2026-06-01,841.95
R001081,P010-U001,2026-01-01,500.32
R001082,P010-U001,2026-02-01,1057.71
R001083,P010-U001,2026-03-01,823.95
R001084,P010-U001,2026-04-01,911.74
R001085,P010-U001,2026-05-01,863.61
R001086,P010-U001,2026-06-01,412.62
R001087,P010-U002,2026-01-01,1182.71
R001088,P010-U002,2026-02-01,327.07
R001089,P010-U002,2026-03-01,340.16
R001090,P010-U002,2026-04-01,768.84
R001091,P010-U002,2026-05-01,869.46
R001092,P010-U002,2026-06-01,1226.46
R001093,P010-U003,2026-01-01,918.43
R001094,P010-U003,2026-02-01,551.46
R001095,P010-U003,2026-03-01,1027.33
R001096,P010-U003,2026-04-01,852.12
R001097,P010-U003,2026-05-01,762.42
R001098,P010-U003,2026-06-01,431.76
R001099,P010-U004,2026-01-01,899.25
R001100,P010-U004,2026-02-01,506.9
R001101,P010-U004,2026-03-01,1089.52
R001102,P010-U004,2026-04-01,756.97
R001103,P010-U004,2026-05-01,219.56
R001104,P010-U004,2026-06-01,345.29
R001105,P010-U005,2026-01-01,850.9
R001106,P010-U005,2026-02-01,218.21
R001107,P010-U005,2026-03-01,920.06
R001108,P010-U005,2026-04-01,353.59
R001109,P010-U005,2026-05-01,121.64
R001110,P010-U005,2026-06-01,1020.67
R001111,P010-U006,2026-01-01,462.8
R001112,P010-U006,2026-02-01,1212.0
R001113,P010-U006,2026-03-01,1109.37
R001114,P010-U006,2026-04-01,471.77
R001115,P010-U006,2026-05-01,1081.4
R001116,P010-U006,2026-06-01,483.26
R001117,P010-U007,2026-01-01,992.47
R001118,P010-U007,2026-02-01,1142.52
R001119,P010-U007,2026-03-01,192.36
R001120,P010-U007,2026-04-01,1104.47
R001121,P010-U007,2026-05-01,328.45
R001122,P010-U007,2026-06-01,387.26
R001123,P010-U008,2026-01-01,349.7
R001124,P010-U008,2026-02-01,1196.18
R001125,P010-U008,2026-03-01,802.24
R001126,P010-U008,2026-04-01,1104.26
R001127,P010-U008,2026-05-01,226.55
R001128,P010-U008,2026-06-01,930.71
R001129,P010-U009,2026-01-01,843.66
R001130,P010-U009,2026-02-01,1062.74
R001131,P010-U009,2026-03-01,378.63
R001132,P010-U009,2026-04-01,134.57
R001133,P010-U009,2026-05-01,660.08
R001134,P010-U009,2026-06-01,577.57
R001135,P010-U010,2026-01-01,352.88
R001136,P010-U010,2026-02-01,482.88
R001137,P010-U010,2026-03-01,349.41
R001138,P010-U010,2026-04-01,1121.8
R001139,P010-U010,2026-05-01,1061.52
R001140,P010-U010,2026-06-01,581.73
R001141,P010-U011,2026-01-01,601.47
R001142,P010-U011,2026-02-01,809.24
R001143,P010-U011,2026-03-01,450.86
R001144,P010-U011,2026-04-01,775.88
R001145,P010-U011,2026-05-01,992.13
R001146,P010-U011,2026-06-01,227.33
R001147,P010-U012,2026-01-01,328.48
R001148,P010-U012,2026-02-01,939.39
R001149,P010-U012,2026-03-01,1125.94
R001150,P010-U012,2026-04-01,253.89
R001151,P010-U012,2026-05-01,1026.07
R001152,P010-U012,2026-06-01,1160.47
R001153,P010-U013,2026-01-01,507.88
R001154,P010-U013,2026-02-01,1180.74
R001155,P010-U013,2026-03-01,1203.62
R001156,P010-U013,2026-04-01,124.12
R001157,P010-U013,2026-05-01,1218.34
R001158,P010-U013,2026-06-01,242.95
R001159,P010-U014,2026-01-01,115.02
R001160,P010-U014,2026-02-01,279.36
R001161,P010-U014,2026-03-01,814.25
R001162,P010-U014,2026-04-01,245.89
R001163,P010-U014,2026-05-01,1044.88
R001164,P010-U014,2026-06-01,114.67
R001165,P010-U015,2026-01-01,739.54
R001166,P010-U015,2026-02-01,537.0
R001167,P010-U015,2026-03-01,648.02
R001168,P010-U015,2026-04-01,402.89
R001169,P010-U015,2026-05-01,819.34
R001170,P010-U015,2026-06-01,540.42
R001171,P010-U016,2026-01-01,284.0
R001172,P010-U016,2026-02-01,1239.28
R001173,P010-U016,2026-03-01,456.75
R001174,P010-U016,2026-04-01,710.89
R001175,P010-U016,2026-05-01,483.12
R001176,P010-U016,2026-06-01,1216.24
R001177,P010-U017,2026-01-01,1015.49
R001178,P010-U017,2026-02-01,350.88
R001179,P010-U017,2026-03-01,739.98
R001180,P010-U017,2026-04-01,127.59
R001181,P010-U017,2026-05-01,734.9
R001182,P010-U017,2026-06-01,193.4
R001183,P010-U018,2026-01-01,989.36
R001184,P010-U018,2026-02-01,599.61
R001185,P010-U018,2026-03-01,829.39
R001186,P010-U018,2026-04-01,116.68
R001187,P010-U018,2026-05-01,857.93
R001188,P010-U018,2026-06-01,1093.94
R001189,P010-U019,2026-01-01,1003.73
R001190,P010-U019,2026-02-01,468.44
R001191,P010-U019,2026-03-01,368.57
R001192,P010-U019,2026-04-01,529.81
R001193,P010-U019,2026-05-01,469.53
R001194,P010-U019,2026-06-01,640.25
R001195,P010-U020,2026-01-01,806.45
R001196,P010-U020,2026-02-01,411.0
R001197,P010-U020,2026-03-01,167.91
R001198,P010-U020,2026-04-01,1246.04
R001199,P010-U020,2026-05-01,1115.62
R001200,P010-U020,2026-06-01,1026.26
R001201,P011-U001,2026-01-01,112.02
R001202,P011-U001,2026-02-01,1184.38
R001203,P011-U001,2026-03-01,1143.98
R001204,P011-U001,2026-04-01,193.86
R001205,P011-U001,2026-05-01,623.2
R001206,P011-U001,2026-06-01,130.11
R001207,P011-U002,2026-01-01,208.75
R001208,P011-U002,2026-02-01,1038.64
R001209,P011-U002,2026-03-01,341.09
R001210,P011-U002,2026-04-01,945.39
R001211,P011-U002,2026-05-01,447.43
R001212,P011-U002,2026-06-01,237.59
R001213,P011-U003,2026-01-01,199.3
R001214,P011-U003,2026-02-01,207.26
R001215,P011-U003,2026-03-01,924.74
R001216,P011-U003,2026-04-01,690.04
R001217,P011-U003,2026-05-01,657.33
R001218,P011-U003,2026-06-01,875.61
R001219,P011-U004,2026-01-01,388.21
R001220,P011-U004,2026-02-01,589.73
R001221,P011-U004,2026-03-01,581.37
R001222,P011-U004,2026-04-01,876.7
R001223,P011-U004,2026-05-01,134.43
R001224,P011-U004,2026-06-01,811.38
R001225,P011-U005,2026-01-01,496.14
R001226,P011-U005,2026-02-01,544.34
R001227,P011-U005,2026-03-01,1146.36
R001228,P011-U005,2026-04-01,559.16
R001229,P011-U005,2026-05-01,872.03
R001230,P011-U005,2026-06-01,108.26
R001231,P011-U006,2026-01-01,533.96
R001232,P011-U006,2026-02-01,271.68
R001233,P011-U006,2026-03-01,876.06
R001234,P011-U006,2026-04-01,437.14
R001235,P011-U006,2026-05-01,863.15
R001236,P011-U006,2026-06-01,920.45
R001237,P011-U007,2026-01-01,186.72
R001238,P011-U007,2026-02-01,215.88
R001239,P011-U007,2026-03-01,1177.29
R001240,P011-U007,2026-04-01,311.31
R001241,P011-U007,2026-05-01,245.93
R001242,P011-U007,2026-06-01,723.57
R001243,P011-U008,2026-01-01,1160.84
R001244,P011-U008,2026-02-01,1005.26
R001245,P011-U008,2026-03-01,665.63
R001246,P011-U008,2026-04-01,1156.61
R001247,P011-U008,2026-05-01,407.9
R001248,P011-U008,2026-06-01,817.58
R001249,P011-U009,2026-01-01,1096.11
R001250,P011-U009,2026-02-01,190.08
R001251,P011-U009,2026-03-01,1087.33
R001252,P011-U009,2026-04-01,303.41
R001253,P011-U009,2026-05-01,472.06
R001254,P011-U009,2026-06-01,672.95
R001255,P011-U010,2026-01-01,677.4
R001256,P011-U010,2026-02-01,779.65
R001257,P011-U010,2026-03-01,263.13
R001258,P011-U010,2026-04-01,1003.92
R001259,P011-U010,2026-05-01,686.97
R001260,P011-U010,2026-06-01,621.34
R001261,P011-U011,2026-01-01,1115.37
R001262,P011-U011,2026-02-01,1145.0
R001263,P011-U011,2026-03-01,942.94
R001264,P011-U011,2026-04-01,757.27
R001265,P011-U011,2026-05-01,607.12
R001266,P011-U011,2026-06-01,1187.32
R001267,P011-U012,2026-01-01,330.69
R001268,P011-U012,2026-02-01,679.07
R001269,P011-U012,2026-03-01,1238.87
R001270,P011-U012,2026-04-01,134.66
R001271,P011-U012,2026-05-01,991.76
R001272,P011-U012,2026-06-01,163.66
R001273,P011-U013,2026-01-01,162.74
R001274,P011-U013,2026-02-01,968.99
R001275,P011-U013,2026-03-01,262.95
R001276,P011-U013,2026-04-01,337.39
R001277,P011-U013,2026-05-01,608.34
R001278,P011-U013,2026-06-01,811.39
R001279,P011-U014,2026-01-01,257.77
R001280,P011-U014,2026-02-01,366.38
R001281,P011-U014,2026-03-01,330.16
R001282,P011-U014,2026-04-01,1100.06
R001283,P011-U014,2026-05-01,946.26
R001284,P011-U014,2026-06-01,1096.53
R001285,P011-U015,2026-01-01,236.08
R001286,P011-U015,2026-02-01,872.17
R001287,P011-U015,2026-03-01,654.17
R001288,P011-U015,2026-04-01,1023.49
R001289,P011-U015,2026-05-01,1241.41
R001290,P011-U015,2026-06-01,1071.62
R001291,P011-U016,2026-01-01,1072.25
R001292,P011-U016,2026-02-01,1184.25
R001293,P011-U016,2026-03-01,165.88
R001294,P011-U016,2026-04-01,455.5
R001295,P011-U016,2026-05-01,371.47
R001296,P011-U016,2026-06-01,322.41
R001297,P011-U017,2026-01-01,429.21
R001298,P011-U017,2026-02-01,919.26
R001299,P011-U017,2026-03-01,757.0
R001300,P011-U017,2026-04-01,247.77
R001301,P011-U017,2026-05-01,677.09
R001302,P011-U017,2026-06-01,1143.33
R001303,P011-U018,2026-01-01,488.96
R001304,P011-U018,2026-02-01,760.16
R001305,P011-U018,2026-03-01,604.44
R001306,P011-U018,2026-04-01,483.63
R001307,P011-U018,2026-05-01,515.54
R001308,P011-U018,2026-06-01,270.21
R001309,P011-U019,2026-01-01,673.1
R001310,P011-U019,2026-02-01,605.65
R001311,P011-U019,2026-03-01,194.54
R001312,P011-U019,2026-04-01,827.82
R001313,P011-U019,2026-05-01,1073.6
R001314,P011-U019,2026-06-01,330.73
R001315,P011-U020,2026-01-01,630.97
R001316,P011-U020,2026-02-01,731.66
R001317,P011-U020,2026-03-01,1064.49
R001318,P011-U020,2026-04-01,728.9
R001319,P011-U020,2026-05-01,794.47
R001320,P011-U020,2026-06-01,274.58
R001321,P012-U001,2026-01-01,948.14
R001322,P012-U001,2026-02-01,245.43
R001323,P012-U001,2026-03-01,1152.98
R001324,P012-U001,2026-04-01,208.17
R001325,P012-U001,2026-05-01,958.74
R001326,P012-U001,2026-06-01,683.23
R001327,P012-U002,2026-01-01,924.58
R001328,P012-U002,2026-02-01,668.98
R001329,P012-U002,2026-03-01,1240.44
R001330,P012-U002,2026-04-01,514.13
R001331,P012-U002,2026-05-01,984.93
R001332,P012-U002,2026-06-01,497.43
R001333,P012-U003,2026-01-01,694.56
R001334,P012-U003,2026-02-01,656.66
R001335,P012-U003,2026-03-01,454.53
R001336,P012-U003,2026-04-01,213.36
R001337,P012-U003,2026-05-01,1124.24
R001338,P012-U003,2026-06-01,331.89
R001339,P012-U004,2026-01-01,479.17
R001340,P012-U004,2026-02-01,189.46
R001341,P012-U004,2026-03-01,1049.35
R001342,P012-U004,2026-04-01,879.08
R001343,P012-U004,2026-05-01,155.3
R001344,P012-U004,2026-06-01,951.32
R001345,P012-U005,2026-01-01,406.21
R001346,P012-U005,2026-02-01,548.96
R001347,P012-U005,2026-03-01,1170.35
R001348,P012-U005,2026-04-01,218.25
R001349,P012-U005,2026-05-01,833.87
R001350,P012-U005,2026-06-01,365.3
R001351,P012-U006,2026-01-01,1189.97
R001352,P012-U006,2026-02-01,1021.19
R001353,P012-U006,2026-03-01,144.1
R001354,P012-U006,2026-04-01,710.96
R001355,P012-U006,2026-05-01,737.35
R001356,P012-U006,2026-06-01,881.76
R001357,P012-U007,2026-01-01,552.17
R001358,P012-U007,2026-02-01,617.93
R001359,P012-U007,2026-03-01,808.18
R001360,P012-U007,2026-04-01,861.69
R001361,P012-U007,2026-05-01,592.57
R001362,P012-U007,2026-06-01,358.17
R001363,P012-U008,2026-01-01,465.49
R001364,P012-U008,2026-02-01,732.2
R001365,P012-U008,2026-03-01,321.51
R001366,P012-U008,2026-04-01,1239.12
R001367,P012-U008,2026-05-01,481.03
R001368,P012-U008,2026-06-01,358.62
R001369,P012-U009,2026-01-01,583.87
R001370,P012-U009,2026-02-01,745.87
R001371,P012-U009,2026-03-01,824.61
R001372,P012-U009,2026-04-01,969.23
R001373,P012-U009,2026-05-01,785.97
R001374,P012-U009,2026-06-01,312.74
R001375,P012-U010,2026-01-01,1198.02
R001376,P012-U010,2026-02-01,751.15
R001377,P012-U010,2026-03-01,897.14
R001378,P012-U010,2026-04-01,690.26
R001379,P012-U010,2026-05-01,447.91
R001380,P012-U010,2026-06-01,236.5
R001381,P012-U011,2026-01-01,737.66
R001382,P012-U011,2026-02-01,444.84
R001383,P012-U011,2026-03-01,1192.77
R001384,P012-U011,2026-04-01,1201.3
R001385,P012-U011,2026-05-01,391.4
R001386,P012-U011,2026-06-01,986.93
R001387,P012-U012,2026-01-01,273.76
R001388,P012-U012,2026-02-01,830.71
R001389,P012-U012,2026-03-01,1019.65
R001390,P012-U012,2026-04-01,945.65
R001391,P012-U012,2026-05-01,642.45
R001392,P012-U012,2026-06-01,799.26
R001393,P012-U013,2026-01-01,1192.47
R001394,P012-U013,2026-02-01,1095.26
R001395,P012-U013,2026-03-01,977.64
R001396,P012-U013,2026-04-01,939.64
R001397,P012-U013,2026-05-01,1199.87
R001398,P012-U013,2026-06-01,450.99
R001399,P012-U014,2026-01-01,814.65
R001400,P012-U014,2026-02-01,991.95
R001401,P012-U014,2026-03-01,136.69
R001402,P012-U014,2026-04-01,583.75
R001403,P012-U014,2026-05-01,167.53
R001404,P012-U014,2026-06-01,939.05
R001405,P012-U015,2026-01-01,721.71
R001406,P012-U015,2026-02-01,899.83
R001407,P012-U015,2026-03-01,486.78
R001408,P012-U015,2026-04-01,922.73
R001409,P012-U015,2026-05-01,617.82
R001410,P012-U015,2026-06-01,904.99
R001411,P012-U016,2026-01-01,241.93
R001412,P012-U016,2026-02-01,189.26
R001413,P012-U016,2026-03-01,494.3
R001414,P012-U016,2026-04-01,903.79
R001415,P012-U016,2026-05-01,1017.66
R001416,P012-U016,2026-06-01,513.98
R001417,P012-U017,2026-01-01,992.79
R001418,P012-U017,2026-02-01,264.24
R001419,P012-U017,2026-03-01,936.43
R001420,P012-U017,2026-04-01,888.13
R001421,P012-U017,2026-05-01,1033.74
R001422,P012-U017,2026-06-01,1174.14
R001423,P012-U018,2026-01-01,421.77
R001424,P012-U018,2026-02-01,878.49
R001425,P012-U018,2026-03-01,281.83
R001426,P012-U018,2026-04-01,140.24
R001427,P012-U018,2026-05-01,451.11
R001428,P012-U018,2026-06-01,341.05
R001429,P012-U019,2026-01-01,676.42
R001430,P012-U019,2026-02-01,363.69
R001431,P012-U019,2026-03-01,912.11
R001432,P012-U019,2026-04-01,536.17
R001433,P012-U019,2026-05-01,1032.26
R001434,P012-U019,2026-06-01,467.14
R001435,P012-U020,2026-01-01,809.52
R001436,P012-U020,2026-02-01,1033.14
R001437,P012-U020,2026-03-01,230.75
R001438,P012-U020,2026-04-01,111.08
R001439,P012-U020,2026-05-01,773.41
R001440,P012-U020,2026-06-01,655.8
